text,sentimental label
"RT @ShortCakee_xoxo: “@angel_burrito: ATTENTION PACESETTERS:
Get y'all ass to bed before I tell Freeman y'all staying up late. GOOD NIGHT.”…",
"RT @ShortCakee_xoxo: “@angel_burrito: ATTENTION PACESETTERS:
Get y'all ass to bed before I tell Freeman y'all staying up late. GOOD NIGHT.”…",
"“@angel_burrito: ATTENTION PACESETTERS:
Get y'all ass to bed before I tell Freeman y'all staying up late. GOOD NIGHT.” Come blow dry my hair",
@causeimmarissa finna roll the best burrito you've ever had <ed><U+00A0><U+00BC><ed><U+00BC><U+009A>,
"Sound economy live Troy NY @ Bombers Burrito Bar, Troy https://t.co/7CGv6LNX4H",
RT @vickyBeanMr: When you're late for your flight http://t.co/PXATk3DCys,
the things i would do for a chipotle burrito right now........,
"Noise between stations Troy live music @ Bombers Burrito Bar, Troy https://t.co/7MidOTSqhp",
"Noise between stations live Troy NY @ Bombers Burrito Bar, Troy https://t.co/WOM21dV73C",
"Eric Braymer @ Bombers Burrito Bar, Troy https://t.co/wm3GY8Unql",
"Eric Braymer of Two guys @ Bombers Burrito Bar, Troy https://t.co/h4ExGqds4H",
2 my $3 burrito from moes that we won(: http://t.co/V3jERUL7o8,
I should not post photos when I’m tired. I just noticed that I titled a food picture “Burrito bowl with ground zero”.,
"I'm at Juan's Flying Burrito - @juansnola in New Orleans, LA https://t.co/9aKeVrQQJy",
"Food envy! Date night &amp; cheat night... But as I sat there eating my burrito stuffed with veggies, I… https://t.co/1D2EmRNX5J",
"After ride beverages and tacos! (@ Raging Burrito &amp; Taco in Decatur, GA) https://t.co/XHWC6XAS9O",
"Sound economy live Troy @ Bombers Burrito Bar, Troy https://t.co/bJTA6UKqYx",
"I'm at Freebirds World Burrito - @freebirds_wb in Allen, TX https://t.co/lEs5jngeXH",
RT @AlexisGuilbertt: want/need a burrito,
I can't wait to eat this burrito then shit through a screen 20 minutes later <ed><U+00A0><U+00BD><ed><U+00B8><U+0086>,
RT @ethanr04: So I texted the wrong number and got to talk to a giraffe. @ Raging Burrito &amp; Taco https://t.co/3sxqxeigGu,
So I texted the wrong number and got to talk to a giraffe. @ Raging Burrito &amp; Taco https://t.co/3sxqxeigGu,
RT @Bulanowski11: Just ate a hot head burrito in less than 2 minutes. #throwingitdown #noshame #ilikefood,
RT @jhopp_94: I just want a hot head burrito,
"It's burrito o'clock somewhere!
Celebrating #nonGMO Chipotle :)
#nonGMOchipotle @ Chipotle Mexican Grill https://t.co/c8QVVCFwD1",
want/need a burrito,
@virgoprophecy I got him a burrito because I forgot to pick him up.. BUT I FORGOT TO GET THE BURRITO,
Bowl&gt; burrito,
@bobbybrown03 a La Ja's burrito with Taco House hot sauce would absolutely blow my mind,
fact: so many things are better if you are wrapped in a blanket like a burrito,
I'm just not into beans on my burrito,
Bringing home a new baby burrito soon. @ Saint Joseph Hospital Denver https://t.co/KVeyQw95Xc,
can't wait for belmar and 10th ave burrito<ed><U+00A0><U+00BD><ed><U+00B8><U+00BB><U+2600><U+FE0F>,
"Steak burrito <ed><U+00A0><U+00BD><ed><U+00B8><U+008B> (@ Chipotle Mexican Grill in Secaucus, NJ) https://t.co/VdHyr7kUAB",
It's burrito o'clock! #burrito @ Casa Burrito https://t.co/P56AwNYBad,
"soy-ginger tofu, rice, sesame leaf, kimchi and picked cucumber  burrito wrapped in rice paper (!) @… https://t.co/WW9ZuNaqEX",
RT @KaitlinMoriarty: @Burrito_Roller @RangJelly <ed><U+00A0><U+00BD><ed><U+00B8><U+0091> so how are you dropping it? EP?,
"I'm at Izzo's Illegal Burrito in Harvey, LA https://t.co/MOL6fAwWvP",
@Burrito_Roller gotcha gotcha! Well good luck I'm excited to hear it!,
@Burrito_Roller @RangJelly <ed><U+00A0><U+00BD><ed><U+00B8><U+0091> so how are you dropping it? EP?,
A regular size burrito at #bellsburritos!  It is huge.  Like a mini newborn.  <ed><U+00A0><U+00BD><ed><U+00B8><U+0082><ed><U+00A0><U+00BD><ed><U+00B8><U+0082> #lettheeatingbegin… https://t.co/zBRBc78nrF,
@Burrito_Roller interesting,
"I'm at Juan's Flying Burrito in New Orleans, LA https://t.co/hvYpVSpOtM",
#kingsize #hollyhell #burrito #tbk @ taco burrito king https://t.co/8bRvcRaxla,
"Oh well why not (@ Freebirds World Burrito - @freebirds_wb in Dallas, TX) https://t.co/TB2jVN15Uh",
@Burrito_Roller do you have a single out?,
Very good with the steak burrito - Drinking a George @ Charleston Brewing Company - http://t.co/btovxvx7jj #photo,
RT @harrisj: @jacqui @BBC_News_Labs suborbital arcs being considered. Atmospheric friction also heats burrito on way down (cc @burritojusti…,
RT @MwapeIsAfrica: Marky coming in clutch with free burrito guy,
.@dougherty_jesse @antonioolivero I pretty much dominated my burrito from Alto Cinco yesterday.,
"I'm at Phat Burrito in Charlotte, NC https://t.co/8oKYEKsdFF",
@jacqui @BBC_News_Labs suborbital arcs being considered. Atmospheric friction also heats burrito on way down (cc @burritojustice),
RT @gennachad: Guilty over dat burrito last night @CourtAveBrew <ed><U+00A0><U+00BD><ed><U+00B8><U+008B><ed><U+00A0><U+00BC><ed><U+00BD><U+00B4>,
RT @AmeliaLesniak: BURRITO DATE WIDDA WIFEY @callmedgoodz <ed><U+00A0><U+00BD><ed><U+00B1><U+0085>,
BURRITO DATE WIDDA WIFEY @callmedgoodz <ed><U+00A0><U+00BD><ed><U+00B1><U+0085>,
breakfast burrito | indian style #breakfast #greens #chicagoeats #vsco #vscocam @ Little Goat https://t.co/6ChEH3LMY5,
There is hardly a better way to start the morning than a breakfast burrito with green chili. #noms… https://t.co/c7A26OQES2,
"RT @CHoeltzel: @ToddOnFranchise I hope you spend your last dollar on a bean burrito, and when you bite into it all the goodness falls out o…",
"@ToddOnFranchise I hope you spend your last dollar on a bean burrito, and when you bite into it all the goodness falls out of the bottom.",
@TheFakeNed what about a bacon egg &amp; cheese burrito? I pick that.,
Guilty over dat burrito last night @CourtAveBrew <ed><U+00A0><U+00BD><ed><U+00B8><U+008B><ed><U+00A0><U+00BC><ed><U+00BD><U+00B4>,
The Breakfast Burrito #Unpopular80sMovies,
officialjakeparsons contemplates the meaning of life. And where to get a burrito this time of night.… https://t.co/8oWzZidhUC,
"Beer Instead of Interest Is Brewer’s Answer to Record-Low Yields http://t.co/EmdqCpqWeR via @business

combine with burrito bonds.",
"The early bird gets the worm, but the late bird gets the burrito... @Henniganagain24",
Going to chick fila again tomorrow morning before school I get my breakfast burrito!,
triciafs even tho she's eating a burrito bowl lol @ Panchero's Mexican Grill https://t.co/bBwUDtxIKE,
@Alexa_noriega @NikkiTylerW @Mr_BlakOut @FundsOverBuns burrito May or may not have saved your life,
#wcw Chipotle (PSA: get a tortilla on the bottom of your bowl so you can have a burrito at the end!)… https://t.co/iUtayqO1TS,
RT @kumpalicious: i'm so hungry i want a burrito and a pizza and a bowl of pasta and chicken fingers and cheese fries w bacon and an extra …,
RT @kumpalicious: i'm so hungry i want a burrito and a pizza and a bowl of pasta and chicken fingers and cheese fries w bacon and an extra …,
When you want a super burrito from taco d and you're not in wylie.,
My chipotle burrito came home from crackron to see me,
i am but a mere burrito of sadness http://t.co/dQpyiGTqTT,
6 yr old @ Chickfila wanted a burger then changed his mind to a burrito HELLO KID do u know WHERE U R smh @ our country's future.,
Burrito selfie (insert Buritto here) <ed><U+00A0><U+00BC><ed><U+00BC><U+009D> @ backyardigans https://t.co/nz7kuREUx4,
The guy at Moe's put so much guac on my burrito bowl today. He wants it.,
Can't stop thinking about how good Fighting Burrito was earlier,
"I'm at @Hardees / Red Burrito in Rock Hill, SC https://t.co/0u4CQU49rR",
<ed><U+00A0><U+00BD><ed><U+00B8><U+008D><ed><U+00A0><U+00BD><ed><U+00B8><U+0098> @ The burrito is the real woman crush https://t.co/hHcxbrQ5bG,
Burrito mariachis salads are booooomb,
"#tacos.  It's that easy. (@ El Burrito in Phoenixville, PA) https://t.co/zp9a8K5ysL",
What do you do when a margarita costs less than your burrito ? #tejas,
RT @kumpalicious: i'm so hungry i want a burrito and a pizza and a bowl of pasta and chicken fingers and cheese fries w bacon and an extra …,
Planning for #cincodemayo yet? Try these vegan burrito bowl enchiladas #ontheblog today! It's… https://t.co/7CDSYoeb3c,
"Piña colada, margarita and a burrito. Hey, I'm done for the day. I've got no work. I'm a free woman <ed><U+00A0><U+00BD><ed><U+00B8><U+0081>",
"I find it disturbing that a burrito on a kids' menu is named ""Moo Moo, Mr. Cow."" If only that cow knew...",
RT @kumpalicious: i'm so hungry i want a burrito and a pizza and a bowl of pasta and chicken fingers and cheese fries w bacon and an extra …,
@Afro_Sergeant that's why ya get it all either on a pizza or wrapped up in a burrito !!!,
RT @kumpalicious: i'm so hungry i want a burrito and a pizza and a bowl of pasta and chicken fingers and cheese fries w bacon and an extra …,
i'm so hungry i want a burrito and a pizza and a bowl of pasta and chicken fingers and cheese fries w bacon and an extra large root beer,
"RT @TonyMazur: The local burrito places are good, but Chipotle still tops the list. Sorry not sorry.",
"RT @TonyMazur: The local burrito places are good, but Chipotle still tops the list. Sorry not sorry.",
"RT @TonyMazur: The local burrito places are good, but Chipotle still tops the list. Sorry not sorry.",
"The local burrito places are good, but Chipotle still tops the list. Sorry not sorry.",
Lunch time Chicken Burrito bowl.,
Fried Burrito tho.. sounds good,
"Burrito Bowl (@ Chipotle Mexican Grill in Hamilton, OH) https://t.co/DuljnoONpW",
Guy at #Chipotle just hit on me while making my burrito. I admire his multi-tasking skills. #men,
"Mmmmmnm (@ Juan's Flying Burrito - @juansnola in New Orleans, LA) https://t.co/oD7KN1TGBb",
"2.0 commemorating his devastating ""Oh! My Burrito!"" moment.  The burrito did not survive. A burrito… https://t.co/6huXQXN4wB",
"If everybody on here gives me a dollar, I'll have nearly enough to buy a burrito from Chipotle.",
"Charlotte's O.G. #burrito joint. (@ Phat Burrito in Charlotte, NC) https://t.co/JAy1jMync0",
I just want a hot head burrito,
@MiamiBice I'm in Storm Lake bro sorry... Want me to bring you a burrito?,
RT @itsixchel: Why anyone would eat a burrito that isn't served in foil is beyond me. #sfnative,
"I'm at El Burrito Tapatio - @burritoel in Addison, IL https://t.co/OGC64hLhT0 http://t.co/bzjFYLmXm0",
Crisp and smooth. Pairs well with burrito time. - Drinking a Golden Years @ Mexitaly Brick Oven Brewhouse - http://t.co/nuHcJ4m1CW,
Burrito Quinoa Bowl - mixed #yum @ Fresh &amp; Co @ 7th Ave &amp; W 30th https://t.co/jZZwOjbCwF,
Burrito Quinoa Bowl with Chicken @ Fresh &amp; Co @ 7th Ave &amp; W 30th https://t.co/RVjR1aReZc,
Riverwalk Cantina's Brisket Special this week! <ed><U+00A0><U+00BD><ed><U+00B2><U+0095> #Burrito y #Tacos @ Gaylord Texan Resort -… https://t.co/UgqW2zkDtT,
"#breakfast and friends &lt;3
#coffee #burrito @ Coffe Shop On Cherry St https://t.co/dzrfFQCimD",
I need a burrito in my life,
RT @Chase_McMorrow: I REALLY want a burrito,
The lowest weight burrito I have ever been served. Why are our portion sizes so large? #fuel… https://t.co/uap7T3UpCX,
"Best breakfast burrito on the planet! (@ DeLuca's Diner in Pittsburgh, PA) https://t.co/Rz5FxFA5Nh",
Just asking my self... #BoringLife @ Taco Burrito King https://t.co/wkhezjQTKF,
I have never craved a bean&amp;cheese burrito more instantly or intensely in my life,
General consensus: is it okay to forgo an opportunity for sex for an opportunity for burritos? I just really want a burrito...,
"Winner, winner, best tacos in the city dinner. (@ El Burrito Mexicano in Chicago, IL) https://t.co/f6IztNfOTi",
Confession: drunk at 10 pm and just got a burrito from the taco truck.,
haha i got a detention  last week for stealing a vegan burrito at highschool lunch how fuckin sick is that,
RT @jsellers1710: D-hole is a savage <ed><U+00A0><U+00BD><ed><U+00B8><U+0082> dude threw a burrito at Kyle in Taco Bell <ed><U+00A0><U+00BD><ed><U+00B2><U+0080>,
Currently curled up like a burrito <ed><U+00A0><U+00BD><ed><U+00B8><U+0081>,
"Parkers burrito baby. Baby, because it is the size of a small child. Not because it's small. @ Chipotle https://t.co/DAEUXomkLy",
The best burrito in #SETX hands down!! With a side of delicious #coctel de camaron that mpatty91… https://t.co/o46wGIZBRd,
"RT @pminzz: ""You've gotta be one of the few people that can ring people out and eat a burrito"" -My TM Josh about me #lifegoals #killinit",
Does anything get better then this @ 10th Ave Burrito https://t.co/GBQqgjM2RY,
"I'm at Freebirds World Burrito - @freebirds_wb in Dallas, TX https://t.co/ZR3CeoBjYB",
Day drinking with the best of people. #Brandon @ Black Sheep Burrito and Brews at The Brewery https://t.co/6mklFGcwPp,
Tiny Bomb by Wiseacre Brewing to go with my Burrito special <ed><U+00A0><U+00BD><ed><U+00B8><U+008B> @ Sweet P's BBQ and Downtown Dive https://t.co/KWexrVv8T9,
"Freebirds!!! <ed><U+00A0><U+00BD><ed><U+00B8><U+009C> (@ Freebirds World Burrito - @freebirds_wb in Irving, TX) https://t.co/o8byR7HJE1",
"""@DatKiddJonS: All i want is a burrito from Las Palapas and my bed !!"" Not your gf -_-",
"""Are you napping?"" Eldis, to me.
""Eh, I don't know."" I say, climbing into my bed and wrapping myself burrito style in the covers.",
"I'm at Taco &amp; Burrito Express in Mundelein, IL https://t.co/JGBWxytNLJ",
"@having Turkey Sausage breakfast burrito, orange, French Roast coffee.",
Guys I'm single idk why my Facebook decided to put me into a relationship unless it saw the look I gave my chipotle burrito,
What's better than a burrito a size of your face? #absolutelynothing #happytuesday @ Bubba's Burrito Bar https://t.co/7WY89DiYSl,
RT @ryuwulf: Enjoying some #brunch #brunchofchampions @HalcyonSA .  Try the #burrito for a king and #coffee ! #satx #SanAntonio http://t.co…,
I want a burrito,
They forgot to put sour cream on my burrito bowl <ed><U+00A0><U+00BD><ed><U+00B8><U+00A1>,
Reasons upperclassmen don't eat on campus: rude workers that cannot form a burrito. <ed><U+00A0><U+00BD><ed><U+00B8><U+0082><ed><U+00A0><U+00BD><ed><U+00B8><U+0082>@sodexoUSA UE needs a boost. http://t.co/IUoUNQihJj,
"@HotDogShop Bacon, egg, cheese and potato breakfast burrito <ed><U+00A0><U+00BD><ed><U+00B8><U+009C>",
RT @NickIsTheTruth: Breakfast burrito and a window seat got me feeling like a new man! University of TX Pan-American I'll… https://t.co/gbI…,
@smaldino564 haha I'm glad But no worries we'll all go back to Chipotle burrito tweets soon <ed><U+00A0><U+00BD><ed><U+00B2><U+0081>,
This is the way to start the day. Monica's breakfast burrito and dropping my ballot #MLM @ Monica's… https://t.co/M80a5NBGE0,
"Burrito verde all day @ Marlon the Baker Bakery, Cafe https://t.co/Qm4jtqCdtS",
That burrito was big af <ed><U+00A0><U+00BD><ed><U+00B8><U+0082><ed><U+00A0><U+00BD><ed><U+00B8><U+0082><ed><U+00A0><U+00BD><ed><U+00B8><U+0082>,
Really needing the four corners breakfast burrito lady<ed><U+00A0><U+00BD><ed><U+00B8><U+00AD>,
@kelsidwilson Steak and egg burrito with tots please,
i want a fucking breakfast burrito damnit,
RT @Nikestreetz: When too much hot sauce on your burrito  http://t.co/KMzbj5p5fr,
RT @Nikestreetz: When too much hot sauce on your burrito  http://t.co/KMzbj5p5fr,
RT @Nikestreetz: When too much hot sauce on your burrito  http://t.co/KMzbj5p5fr,
I'm not ready for this school thing. Can't I stay home and bundle up in a burrito of blankets &amp; watch Netflix?,
RT @Nikestreetz: When too much hot sauce on your burrito  http://t.co/KMzbj5p5fr,
RT @Nikestreetz: When too much hot sauce on your burrito  http://t.co/KMzbj5p5fr,
Had a bagel for dinner. Fell asleep &amp; woke up about midnight. It's now 2:30 and all I want now is a FAT carnitas burrito. #INDYlife sucks <ed><U+00A0><U+00BD><ed><U+00B8><U+00AD>,
RT @xoxobrookec: Really want a breakfast burrito from sonic,
Really want a breakfast burrito from sonic,
*Sexually winks at burrito*,
I've had a viral infection for a week and i am an animated corpse the only thing i can do is snarky tweet from my burrito-y blanket fort,
Just ate a hot head burrito in less than 2 minutes. #throwingitdown #noshame #ilikefood,
@katiekurtz15 I set mine up the wrong way too bc it was for burrito and it doesn't work <ed><U+00A0><U+00BD><ed><U+00B8><U+0085><ed><U+00A0><U+00BD><ed><U+00B8><U+0082>,
I think that it's called the  Arboretum not 'a burrito' !  @mairinmcglohon @ Franklin St. Chaple… https://t.co/oLoHdgPgYF,
"@CuernavacaGrill a delicious steak burrito with mushrooms, peppers, guac, and queso! <ed><U+00A0><U+00BD><ed><U+00B1><U+008D>",
if u don't get chips with your burrito bowl and dip/eat them like chipotle nachos you aren't living right,
@jbthaddeus @espn Not to mention MY BURRITO IS IN A RAIN-DRENCHED PARKING LOT. Insensitive.,
@BravesJordan Don't do it. I left my couch for a burrito and came home empty handed.,
"The torrential monsoon disintegrated my Moe's bag, now my burrito, chips &amp; Queso dip live in the parking lot.",
@woodcarverjimmy does eating a chipotle burrito in less than 7 minutes count as a talent?,
My jeans say size ten but my heart says eat that tbell burrito.,
steak fry me down #tbk #steakfries @ Taco Burrito King https://t.co/1BvU5Sst1r,
"It has been a while but I love this place (@ Phat Burrito in Charlotte, NC) https://t.co/K93IulPGSD http://t.co/D8ilkh5nv4",
"I'm at Freebirds World Burrito - @freebirds_wb in Austin, TX https://t.co/Dz1qIGRO8k",
This Burrito Wonderful Tho.,
<ed><U+00A0><U+00BD><ed><U+00B8><U+00A1> I jus want a jerk chicken burrito &amp; a strong drink <U+203C><U+FE0F> @ Blockheads https://t.co/OZRtAdU9Tr,
"lets talk about friendship goals, I just saw 2 old ladies eating their burrito bowls in their car right outside chipotle",
"eating a burrito in the quiet zone, not even sorry",
Chipotle burrito...in bed...watching You've Got Mail. This is every girls dream right?,
"I do not buy things other than food bc im always like ""I could buy a niceeee burrito with that kinda money""",
"Burrito Bowl with tofu at @Moes_HQ in Bear. @having Well, disaster or no disaster, I can’t miss this! :) http://t.co/Ff331JPcBG",
This burrito tastes like absolute ass,
"Dinner to celebrate Alex's Report card. (@ Mucho Burrito in guelph, canada) https://t.co/PMsiP5RrQp",
It's really slow here at Dairy Queen. I'm finna rip my fake dreads out,
I asked my best friend to make me a burrito<ed><U+00A0><U+00BD><ed><U+00B8><U+0082><ed><U+00A0><U+00BD><ed><U+00B8><U+0082><ed><U+00A0><U+00BD><ed><U+00B8><U+0082><ed><U+00A0><U+00BD><ed><U+00B8><U+0082> http://t.co/B23C04oa1B,
"Steak Burrito! 
#MexicanFood #MexicanFoodPorn
#TheBronx #Bronx #BronxNY
#NYCFoodie #NYCFood #FoodNYC… https://t.co/rLWMXsIUK1",
"Freebirds!!!!! <ed><U+00A0><U+00BD><ed><U+00B9><U+008C><ed><U+00A0><U+00BC><ed><U+00BF><U+00BB><ed><U+00A0><U+00BD><ed><U+00B8><U+008E><ed><U+00A0><U+00BC><ed><U+00BE><U+0089> (@ Freebirds World Burrito - @freebirds_wb in Irving, TX) https://t.co/dTspowQvTr",
This burrito was rolled to perfection <ed><U+00A0><U+00BD><ed><U+00B1><U+008C><ed><U+00A0><U+00BD><ed><U+00B1><U+008C><ed><U+00A0><U+00BD><ed><U+00B1><U+008C><ed><U+00A0><U+00BD><ed><U+00B2><U+00AF><ed><U+00A0><U+00BD><ed><U+00B2><U+00AF><ed><U+00A0><U+00BD><ed><U+00B2><U+00AF>,
Vegan burrito bowl with kale and b'nut squash....yum! #meatlessmonday #eatmoreveggies @ Tortuga Hotel https://t.co/IDo9WIr1kC,
"@emitoms you can still have the burrito after the gym, that is if you're hungry!",
RT @cooleykyleigh: nothing a chipotle burrito can't fix,
"<ed><U+00A0><U+00BC><ed><U+00BE><U+00B6>Take me to Chipotle, I'll worship like a dog at the shrine of your burrito, I'll tell you my sins and you can sharpen your knife <ed><U+00A0><U+00BC><ed><U+00BE><U+00B6>",
@ShalimarIndian Haha. Sorry about that! Probably a toss up between the burrito and the wings. :D,
Ghetto fabulous = Hood rich.,
"I got 1 Fritos burrito at tbell and they gave me 5 napkins, a wet nap, and a spork. I didn't use any of them.",
Having my first ever burrito right now,
"Made it through an entire weekend of robots in khakis without stains. Wear them one day to work: coffee, pen, and burrito marks. #doh",
You can stack my money bout a mile away,
Not a bad day to sit outside and enjoy my steak burrito. Now I am so full tho! #chipotle #burrito @… https://t.co/WHZ9V7LGKS,
Nigga tell me what you do. Would you stand up or would you turn to a pussy nigga?,
5920 south Blvd theburritofactory01 #supportyaown @ The Burrito Factory https://t.co/wRJmOy7epo,
@madisonncombss is still sassy because I won't let her in my burrito.<ed><U+00A0><U+00BD><ed><U+00B8><U+0088><ed><U+00A0><U+00BD><ed><U+00B1><U+008B><ed><U+00A0><U+00BC><ed><U+00BF><U+00BC>,
cant wait to eat #ElDiablo #burrito after going to the local gym <ed><U+00A0><U+00BD><ed><U+00B8><U+0084><ed><U+00A0><U+00BD><ed><U+00B8><U+0084><ed><U+00A0><U+00BD><ed><U+00B8><U+008B><U+263A><U+FE0F><ed><U+00A0><U+00BD><ed><U+00B8><U+008E><ed><U+00A0><U+00BD><ed><U+00B8><U+008A>,
"If you can't stuff a cone, you're a fake stoner https://t.co/JAXOJY1j7D",
Put some hot sauce on my burrito baybaaay you know you look good to me. Mm!,
So excited #vegan #chipotle #burrito #thesethlife @ Chipotle https://t.co/nezuLq3XAv,
I want a burrito from da den,
"Best food truck Burrito EVER. . . (@ La Marqueza in Philadelphia, PA) https://t.co/6IiNWfybSe",
there is a girl literally eating a burrito bowl with chips in my econ class and I am dying,
Yall ever purchase a burrito and regret the fact Yall didn't buy like 17 of them?,
If someone could deliver me a burrito bowl to class that would be great thx @ChipotleTweets,
How can Chipotle be rolling out delivery in other cities before they even roll out a normal-ass pick-up-you-own-burrito Chipotle here?,
We've waited on them all year and Burrito Babies are finally here! #growuphappy @ The Elephant's Trunk https://t.co/6wE4mBCCdy,
"Burrito for my Belly!! (@ Chipotle Mexican Grill in Columbus, IN) https://t.co/9ByAelo3Xt http://t.co/tjyGgiyB99",
Starting this glorious Monday off with a #breakfast burrito smothered in salsa from pabloscoffee on… https://t.co/NGRFWzVU9Q,
RT @cooleykyleigh: nothing a chipotle burrito can't fix,
Bean burrito? Hot sauce? You need to refine your Chipotle terminology. And besides its too late  https://t.co/3hzhzeWJ0M,
I'm at the Waldo Chipotle and I'm happy to say that @wallacewilson 's complaints on soggy burritos have been noticed. My burrito is great.,
"Best thing about the #AppleWatch so far...the @ChipotleTweets ""Burrito Button"" life changing. <ed><U+00A0><U+00BD><ed><U+00B8><U+008D><ed><U+00A0><U+00BD><ed><U+00B8><U+008D><ed><U+00A0><U+00BD><ed><U+00B8><U+008D>",
korean beed burrito bowl for lunch! &amp;spotted cow of course :) @ Belair Cantina Tosa https://t.co/JI8lu7Grhi,
@AirIn_OliveEr just delivered a burrito to me during math class #bae,
@brooklynmike21 they have the cheesy bean and rice burrito here!!!!,
nothing a chipotle burrito can't fix,
Jared Graf had no legs <ed><U+00A0><U+00BD><ed><U+00BA><U+00B6><ed><U+00A0><U+00BC><ed><U+00BF><U+00BB>,
This breakfast burrito I just made is too good!,
Chipotle has officially gone to a non GMO menu. Which means I can start adding corn to my veggie burrito bowls,
"@CNBC Chipotle, where the entire menu uses just 68 ingredients, while one of its competitors uses 81 just to make a burrito... ITS A START",
When you order at Qdoba but forget your wallet and they give you your burrito for free &gt;&gt;&gt; #daymade,
@brooklynmike21 I still don't get it right when I order haha. They also don't have cheesy bean &amp; rice burrito :( i forgot that for months,
every time I go to chipotle they completely forget how to wrap a burrito,
I'm in so much pain and the only thing that would make it better is a burrito,
@MilaHealy WAIT HOLF UP YOUVE BEVER HAD A BURRITO!???,
@MilaHealy omg ahhahaha it's like burritos and burrito bowls w rice and beans and chicken and guac and stuff,
"If we got drugs, she can by my wifey",
"RT @AlmightySlave_: Listen to Welven  [Inst.] by RastaManGhost #np on #SoundCloud
http://t.co/wJhuBqqn93 @RastaManGhost",
Peaches n cream is my favorite song,
The Magnificent Seven Layer Burrito #FattenAMovie,
I have a date with a burrito and my couch,
RT @ClayNFerno: Post-Workout burrito &amp; water time at @elpelontaqueria FENWAY w/ @sakawaterusa @ El Pelon Taqueria https://t.co/vkOKNVdu7x,
RT @ClayNFerno: Post-Workout burrito &amp; water time at @elpelontaqueria FENWAY w/ @sakawaterusa @ El Pelon Taqueria https://t.co/vkOKNVdu7x,
Post-Workout burrito &amp; water time at @elpelontaqueria FENWAY w/ @sakawaterusa @ El Pelon Taqueria https://t.co/vkOKNVdu7x,
"Obviously (@ Burrito Brothers in Washington, DC) https://t.co/gkUBQsMc2C",
RT @Claud_soSassy: I want a burrito now <ed><U+00A0><U+00BD><ed><U+00B8><U+00AD><ed><U+00A0><U+00BD><ed><U+00B2><U+0095>and carrots!,
Tried eating a burrito going 85 mph and I got it all over me <ed><U+00A0><U+00BD><ed><U+00B8><U+0092>,
RT @Claud_soSassy: I want a burrito now <ed><U+00A0><U+00BD><ed><U+00B8><U+00AD><ed><U+00A0><U+00BD><ed><U+00B2><U+0095>and carrots!,
EF-5 burrito challenge #deadweek2k15 #only@OU #takeThatPennState @ The Flying Cow Cafe at the… https://t.co/Wdq7Wbu3tX,
Think... Burrito!,
I want a burrito now <ed><U+00A0><U+00BD><ed><U+00B8><U+00AD><ed><U+00A0><U+00BD><ed><U+00B2><U+0095>and carrots!,
This burrito is calling my name! <ed><U+00A0><U+00BD><ed><U+00B8><U+008B>,
The perfect way to start finals week. One breakfast burrito destroyed. #noms #breakfast #burritos @… https://t.co/xwHxJRBEQU,
I hate everyone in my life who knew about the XXL Grilles Stuft Burrito at Taco Bell and kept this knowledge from me. You're all dead to me.,
Craving a Chipotle burrito today<ed><U+00A0><U+00BD><ed><U+00B8><U+00AB>,
It's Monday which means the burrito place is open which means I'm happy,
"Let's try this. (at @WellDressed Burrito in Washington, DC) https://t.co/cX05lk8PDM",
@AustinRollins93 chilly cheese burrito,
@JrTorres0510 big ass burrito,
Cool...? Can I have a free burrito text now? http://t.co/gt7qIQCk9f,
Rock on. Now get your people to make a fking burrito properly.  https://t.co/0PEYgpfgbg,
I want a burrito,
Ima need chipotle to deliver me a burrito to school,
@Saarahlynnn and then returns their burrito,
"""@Yung_Maniac5: Somebody go to Qdoba maneee"" bring me a chicken burrito toooooo",
My shirt smells like a burrito?,
I want a burrito,
@Cassidy_Burrito bringing this back on your TL,
RT @KaitlinMoriarty: I think I should reevaluate my life haha,
We are ready! #burrito,
"When they give you a burrito but forget the meat, cheese, burrito sauce, rice, and the tortilla, it's my report card. I'm failing.",
You got wild bitches telling you lies,
@minjaelee123 @WSJ @ChipotleTweets  I want a burrito right now!,
"Chileverde Burrito's
Start the week Spicy!

#art #lettering #typography #burrito #spicy #MondayMotivation #VSCO http://t.co/dDxKXfQ2x7",
mom came clutch af with this breakfast burrito <U+270A><ed><U+00A0><U+00BC><ed><U+00BF><U+00BD><ed><U+00A0><U+00BD><ed><U+00B8><U+008D>,
The biggest burrito Ive ever ate lol http://t.co/o1FWc2j1fe,
My bed is so warm and comfy and I like being wrapped in my comforter like a burrito. Don't make me move plz,
"""I put on the pink polka dot panties for about 10 minutes and ate a beef burrito."" #1984 @SouthsideSteve",
"I'm at Taco Burrito King in Chicago, IL https://t.co/EMfKPt7UMt",
All I ate today was a burrito and cupcakes. How is this my real life.,
I bought a burrito today and it was 14 dollars for the meal so I handed a 20 and he gives me back 15 and I told him he gave me to much back,
Really craving a fetus burrito @DaBetus bring me home some?,
"If you asked me how my day was, I would say: ""I ate Fighting Burrito today.""

That is the depth to which my standards fell.",
All I can think about is my Pablo's burrito,
"<ed><U+00A0><U+00BD><ed><U+00B8><U+009C><U+263A><U+FE0F> 

When i see ur @ name i think burrito Hahahaha",
"Just severely burned my tongue on a very hot cheesy beef burrito. Was it worth it? Yes.

Yes it was.",
RT @Nikestreetz: When too much hot sauce on your burrito  http://t.co/KMzbj5p5fr,
I also really want a burrito and apparently have nobody to get a burrito with so I might go to TBK by myself.,
"I could eat a WHOLE CHIPOTLE BURRITO RN, THAT'S HOW HUNGRY I AM",
"RT @KingFaro_: Hit it, quit it and get a burrito ..",
"Hit it, quit it and get a burrito ..",
I really want a breakfast burrito. Hurry up morning!,
"Smoke with your co workers, you'll all become a little stoner community <ed><U+00A0><U+00BC><ed><U+00BC><U+00B4>",
"spanish food sounds good about now , but deff could go for a burrito",
Long weekend .. Feels good to be in bed wrapped up like a Chipotle burrito.,
@shelbyisspicy I'm kind of like a burrito because I'm Hispanic and I'm down for the snuggles so I'll see you soon?,
The Ghost Wolves!! <U+26A1><U+FE0F><U+26A1><U+FE0F> @theghostwolves @ Bandito's Burrito Lounge https://t.co/RNOWuAz9T0,
@carrie_thefairy true,
I'm actually a living burrito,
I just wanna talk to you <ed><U+00A0><U+00BD><ed><U+00B8><U+00AB>,
RT @Nikestreetz: When too much hot sauce on your burrito  http://t.co/KMzbj5p5fr,
Am paying for that burrito as we speak,
Brandon in 2013 is much different than brandon in 2015,
"If you got a man, or a nigga you're talking to... He can pay for your Dairy Queen",
"RT @brendanbroxx: <ed><U+00A0><U+00BD><ed><U+00B4><U+00A5><ed><U+00A0><U+00BD><ed><U+00B2><U+0083>
Remember when me Jon and nick came over like 3 years ago and played dj hero ahahah and that breakfast burrito <ed><U+00A0><U+00BD><ed><U+00B4><U+00A5><ed><U+00A0><U+00BC><ed><U+00BD><U+00B4> your …",
I miss my burrito,
Someone bring me a chipotle burrito <ed><U+00A0><U+00BD><ed><U+00B9><U+008F><ed><U+00A0><U+00BC><ed><U+00BF><U+00BC> I'll pay you once you drop it off,
@TheMattGruen @party_jim I'm eating a burrito http://t.co/EHTNBmQKOG,
Daisy's mom sent Daisy back with a special burrito for me<ed><U+00A0><U+00BD><ed><U+00B8><U+008B><ed><U+00A0><U+00BD><ed><U+00B8><U+0081> #yaaaasssss #ilovemexicanfood,
People waiting outside jimmy's to get a burrito meanwhile we were already closed for 20 minutes <ed><U+00A0><U+00BD><ed><U+00B8><U+0082>,
thankful 4 this bang bang shrimp burrito.,
I just want one thing in life...  A Frito burrito.... Or two,
Those beans from bar burrito really kicked in when I got home,
“@lmaomelissa: really want a back massage &amp; a burrito rn” me every second of my life,
"Getting this shitty ass Hot Head Burrito made me realize that I haven't had Chipotle in 2 months. Not 2 days, 2 MONTHS.",
Burrito bowl. Chicken. Extra chicken. Tortilla on side. You wanted to know. (@ Chipotle Mexican Grill) https://t.co/N7a9kMzgOH,
"<ed><U+00A0><U+00BD><ed><U+00B4><U+00A5><ed><U+00A0><U+00BD><ed><U+00B2><U+0083>
Remember when me Jon and nick came over like 3 years ago and played dj hero ahahah and that breakfast burrito <ed><U+00A0><U+00BD><ed><U+00B4><U+00A5><ed><U+00A0><U+00BC><ed><U+00BD><U+00B4> your frfr fam ily",
@CASHs_Burrito @camslushie oh<ed><U+00A0><U+00BD><ed><U+00B8><U+0082> that makes since,
@CASHs_Burrito @camslushie wait really?,
Try French fries in ur burrito is really good,
All my friends are graduating and going to college and Im just sitting here wondering what the difference is between a soft taco &amp; a burrito,
Getting a burrito from the taco stand cause I'm hungry asfff <U+2755>,
"Carne Asada Burrito by Best Buds Burrito. Nothing flashy about this burrito, it's got great flavor,… https://t.co/eksO8JzuOI",
When a niggah jump from @'s to DM its a burrito #wrap,
@Nacho_BeanDip I want a burrito,
I WANT TO TRY BURRITO UNION,
Fatty daddy burrito x mango green tea bubble tea,
RT @_Ciaruhhh: I'm in love with that burrito  https://t.co/GDkAzjEESN,
RT @Nikestreetz: When too much hot sauce on your burrito  http://t.co/KMzbj5p5fr,
Caution:Wearing Spurs gear after a loss will cause strangers to ask for full game analysis and hold up burrito line. http://t.co/wdEqk9cjPS,
RT @Nikestreetz: When too much hot sauce on your burrito  http://t.co/KMzbj5p5fr,
"RT @saraH4F: ""This tastes like home."" - @VanessaAsmussen as she bites into a 5-layer burrito from @tacobell",
"""This tastes like home."" - @VanessaAsmussen as she bites into a 5-layer burrito from @tacobell",
Nothing with spinach should be called a burrito,
"I don't play the waiting game. Unless, I'm waiting in line for my burrito @ChipotleTweets",
We need a burrito emoji.... #emoji,
I'm in love with that burrito  https://t.co/GDkAzjEESN,
Chipotle chicken burrito = a half hour of heaven<ed><U+00A0><U+00BD><ed><U+00B8><U+008B>,
@graceramsey4 my 2 month old gay son has eaten nothing but burrito bowls from chipotle since he was born,
Hate it when you go to a Taco bell and you know there isn't a single mexican working...Doesn't take 25 minutes to make a burrito man! <ed><U+00A0><U+00BD><ed><U+00B8><U+0082>,
Current Mood: avoiding responsibilities by being rolled in covers like a burrito. http://t.co/hZpl0HDGI6,
RT @aammaarriiss: i want a big ass burrito,
RT @aammaarriiss: i want a big ass burrito,
i want a big ass burrito,
"I've been laying low key inside, my nigga, vault money is my motivation",
RT @_deezNats: All of u are dumb if you're planning on paying an extra $14 for delivery of an $8 burrito.,
"RT @KellySlifco: I think shelb's the only girl I know who can down a large bowl of noodles &amp; co, a crunchwrap supreme, and a bean burrito a…",
This Ra Ra's burrito is straight murdering it right now,
What's the point in texting someone Hi and then not responding to them <ed><U+00A0><U+00BD><ed><U+00B8><U+0091>,
"RT @lauren_eh18: A burrito, thats what i need in my life rn. With guac.",
Earlier http://t.co/rIwilCtsWK,
God blessing all the trap niggas,
My friends are getting married &amp; I'm here wondering what's the diff between a soft shell taco &amp; a burrito &amp; if I should get both for dinner?,
If you're at chipotle never get a burrito if they're is an Indian lady wrapping it you'll have a salad before you know it,
Match¿,
@EdwardThatsIt LMFAO idk what u get on ur burrito but that sounds about right,
Officially never rolling another burrito <ed><U+00A0><U+00BD><ed><U+00B8><U+008E>,
"""We're going to dinner around 6:45. Wanna come?"" ""No, I have a burrito in my purse"" http://t.co/AXCHtfSrHW",
My mom took about 6 bites of her bowl &amp; I was over halfway done with my burrito. <ed><U+00A0><U+00BD><ed><U+00B8><U+0082><ed><U+00A0><U+00BD><ed><U+00B8><U+0082> love my chipotle burritos man,
This girl is eating a chipotle burrito with ONE HAND while scrolling through Twitter #talent,
"RT @KellySlifco: I think shelb's the only girl I know who can down a large bowl of noodles &amp; co, a crunchwrap supreme, and a bean burrito a…",
"I'm at Flaming Amy's Burrito Barn in Wilmington, NC https://t.co/EemmXste2i",
"RT @KellySlifco: I think shelb's the only girl I know who can down a large bowl of noodles &amp; co, a crunchwrap supreme, and a bean burrito a…",
"I think shelb's the only girl I know who can down a large bowl of noodles &amp; co, a crunchwrap supreme, and a bean burrito and still be hungry",
If I buy you Dairy Queen. You know it's real,
"I'm at Freebirds World Burrito - @freebirds_wb in Dallas, TX https://t.co/ONrO2klNtL",
RT @FoxxyClaire: Claudia looking hot<ed><U+00A0><U+00BD><ed><U+00B4><U+00A5><ed><U+00A0><U+00BD><ed><U+00B4><U+00A5>ft. Pet burrito http://t.co/7bhNqIGPN9,
"RT @charles_tyler74: ""Isaac looks like a shaved Jesus""",
Someone go get me a burrito from Chipotle and bring it to the A&amp;D I'll pay you with my love,
All I want to do is get home and eat my burrito but instead I'm sitting on a delayed train <ed><U+00A0><U+00BC><ed><U+00B6><U+0098>,
Did anyone not eat dinner? Anyone wanna go to 10th Ave burrito?,
I'm always flexing. Believe that,
RT @Nikestreetz: When too much hot sauce on your burrito  http://t.co/KMzbj5p5fr,
"Work break (@ L.A. Burrito in Brooklyn, NY) https://t.co/IwyhJ24YgA",
Getting double steak on a burrito bowl and getting charged for chicken &gt;&gt;&gt;&gt;&gt;&gt;&gt;,
Burrito is life. @ Chipotle https://t.co/mrsAFzOdg8,
"today I worked for 4 hours, napped, and ate a burrito #happysunday",
We love you Jim Kelly!! Go Bills https://t.co/iYSKeTe94c,
"Outback burger w/ @TheXGames_ after the workout, and now some a burrito from Chipotle on the way home.... Sunday Funday at its finest",
RT @dominiquepaiz63: I want a chipotle burrito <ed><U+00A0><U+00BD><ed><U+00B8><U+00A9>,
Black Cat is tasty <ed><U+00A0><U+00BD><ed><U+00B0><U+00B1> @ BlackCat Burrito https://t.co/p3DDszbbgZ,
RT @dominiquepaiz63: I want a chipotle burrito <ed><U+00A0><U+00BD><ed><U+00B8><U+00A9>,
I need an incase of emergency break glass for burrito type of device,
How in the hell do you properly eat a gyro? Burrito technique is failing miserably...,
RT @BasedCharming: My current mood is eating a chipotle burrito by myself in my dad's truck outside of best buy,
My current mood is eating a chipotle burrito by myself in my dad's truck outside of best buy,
RT @MikeLikes2Eat: Steak Burrito Bowl. #chipotle #steak #burrito #tabasco #food #foodtographer #foodgasm #foodporn… https://t.co/IsPI7ugqgT,
Steak Burrito Bowl. #chipotle #steak #burrito #tabasco #food #foodtographer #foodgasm #foodporn… https://t.co/IsPI7ugqgT,
Can't wait to eat my burrito,
Now it's time for a burrito blanket and a nap then peppermint tea and reading. :3,
"I'm at Burrito Bar &amp; Kitchen - @burritobarbk in Brooklyn, NY https://t.co/gJ1gHnGJQK",
Ooooh I'm gonna pay for that burrito.,
This big burrito about to hit the spot <ed><U+00A0><U+00BD><ed><U+00B8><U+009D>,
The only time I got outta bed today was to get a burrito lol @ my life,
RT @coleneiers: I NEED A RASPBERRY COKE AND A CHIPOTLE BURRITO AHHH,
I mean there's 7 people working at chipotle rn and 4 of them are standing around not doing shit. Bitch make my burrito tf,
I NEED A RASPBERRY COKE AND A CHIPOTLE BURRITO AHHH,
"Freebirds!!!!!!! <ed><U+00A0><U+00BC><ed><U+00BE><U+0089><ed><U+00A0><U+00BC><ed><U+00BE><U+0089><ed><U+00A0><U+00BC><ed><U+00BE><U+0089><ed><U+00A0><U+00BD><ed><U+00B9><U+008C><ed><U+00A0><U+00BC><ed><U+00BF><U+00BB><ed><U+00A0><U+00BD><ed><U+00B8><U+0081> (@ Freebirds World Burrito - @freebirds_wb in Irving, TX) https://t.co/VgW6yH2Qf8",
"RT @determanjessica: So I ordered a chicken quesadilla, chili cheese burrito, beefy nacho griller, nachos, &amp;three soft tacos last night...a…",
Second time I've ever actually finished a whole burrito bowl and I'm about to explode,
"@lake_shel okay, I'll just wrap it up like a burrito &amp; stuff it into my backpack <ed><U+00A0><U+00BD><ed><U+00B8><U+008A>",
@noreen_shoop lol dats a big burrito <ed><U+00A0><U+00BD><ed><U+00B8><U+00B3>,
Eating a burrito and making out: the worst display of PDA I have ever seen.,
@ChipotleTweets you think I can cop a coupon for a free burrito,
ummmm i need a chipotle burrito with a lot of veggies nowwwww,
I want a chipotle burrito <ed><U+00A0><U+00BD><ed><U+00B8><U+00A9>,
I despise new people that work at chipotle. They're  good people they just don't know how to make my burrito bowl,
Hot heads is killing it on the burrito game,
I don't have time for people who can't wrap a burrito right,
"Burrito so good, gave me a nosebleed.",
"A burrito, thats what i need in my life rn. With guac.",
@sdamato7 make sure you sneak in a black bean burrito today too,
RT @tchrist913: @ChipotleTweets somehow gave me the wrong burrito.. Bet @tacobell wouldn't make that mistake #chipsforlunch @mattmorris712,
@ChipotleTweets somehow gave me the wrong burrito.. Bet @tacobell wouldn't make that mistake #chipsforlunch @mattmorris712,
I probs won't even fit in my dress anymore after I eat this burrito.,
"guys, I'm eating ice cream and a burrito.. At the same time <ed><U+00A0><U+00BD><ed><U+00B8><U+0085>",
"This morning last year I ran 13.1 miles, this morning today I ate a breakfast burrito :/",
"Just ordered a burrito from my magic watch, but now I have to get in the car and drive to pick it up like some kind of pilgrim. #ThanksObama",
RT @hipphippjorge: The ultimate test of self control: Passing by a Chipotle even though you could easily beast a burrito. #chipotleislife,
@burritoxbaby @gabbysully where's my burrito,
Just ate a monster burrito at the #OriginalChipotle in Denver !!! #delicious @ Chipotle https://t.co/dka7m4wmEO,
burrito mundo is my savior,
RT @thecarodiaries: Could really go for a burrito bowl and a chance to regain the dignity I lost last night right about now..,
Lunch time! Outside! #panchitas #salsa #abita #beer #chips #burrito #NOLA #NewOrleans #NOLO… https://t.co/uksEmME9fD,
"Im just curious as to why Raegan found it necessary to yell ""burrito time"" I can stop laughing.",
I dont get how ppl eat an entire burrito bowl in one sittin,
all I need is a cute burrito to love and cherish rn,
When at Chipotle the burrito maker can really make or break my mood.,
Should I call in a burrito ?,
Could really go for a burrito bowl and a chance to regain the dignity I lost last night right about now..,
all I can think about are burritos. bring me 2 get a burrito and I will buy u a burrito <ed><U+00A0><U+00BD><ed><U+00B8><U+0087>,
I need a mcchicken and a McDouble.......and a burrito,
Day drinking + burrito fresco = not a great combination,
"So I ordered a chicken quesadilla, chili cheese burrito, beefy nacho griller, nachos, &amp;three soft tacos last night...all for me. <ed><U+00A0><U+00BD><ed><U+00B8><U+0082><ed><U+00A0><U+00BD><ed><U+00B8><U+0085><ed><U+00A0><U+00BD><ed><U+00B9><U+0088>",
I hate it when you go to the gas station for some gas and your car starts to smell after you drive away.,
I just drove by soundclouds fattest tiger. <ed><U+00A0><U+00BD><ed><U+00B0><U+0085>,
"I feel like I'm always getting told I look like something when I sleep , first a burrito than a princess <ed><U+00A0><U+00BD><ed><U+00B8><U+0082>",
Selfie Sunday with this amazing chipotle burrito @ Chipotle https://t.co/3qJiXV1y8i,
Someone bring me an allsups burrito,
@hunterallee imagine the shredded chicken nachos from fuzzys rolled up in a tortilla. That is what the shredded chicken burrito taste like.,
@hunterallee dude! Try it. Your life will change in 2 seconds. That and the shredded chicken burrito is so good.,
I like cleaning my car at Fitzys. Okay ¡,
I'm still sleeping in burrito...,
ice cream burrito date with Cheyenne after work tonight n im freakin hype about it,
@espressit BEST burrito ever  https://t.co/uh3ZuvclZq,
Breakfast burrito <ed><U+00A0><U+00BD><ed><U+00B1><U+008D>,
Clever tactic but in that situation I think I'd prefer an actual burrito http://t.co/Z8jQioXDq0,
I miss my burrito from yesterday,
@jayz3197 @ericjdemers1 I'm serious bro you and Zmuda peer mentoring more like butt buddie session in the burrito bistro parking lot<ed><U+00A0><U+00BD><ed><U+00B2><U+00AF>,
#freeoilchange shout out @Valvoline,
Driving past a car full of red head ladies in a red Elantra <ed><U+00A0><U+00BD><ed><U+00B8><U+00AC>,
RT @chiraq_mil5: Its early buh I want a steak burrito from chipotle <ed><U+00A0><U+00BD><ed><U+00B8><U+00A9><ed><U+00A0><U+00BD><ed><U+00B8><U+00A9>,
Its early buh I want a steak burrito from chipotle <ed><U+00A0><U+00BD><ed><U+00B8><U+00A9><ed><U+00A0><U+00BD><ed><U+00B8><U+00A9>,
I ate a burrito the fastest anyone has eaten a burrito last night.,
Breakfast Burrito .... Yes yes and a yes #sundayfood,
"RT @Petrie__dish: ""I want to lose my burrito virginity......with u"" —@chloebloodxo to me tonight",
@doubleDEEupHOE she a mess <ed><U+00A0><U+00BD><ed><U+00B8><U+0082> i asked her to bring me to work she said take a burrito there. <ed><U+00A0><U+00BD><ed><U+00B8><U+0090> like what,
Just visited @Kaldis_Coffee at Crescent and had a delicious macchiato and an egg white burrito.,
How big are your breasts in cup sizes <ed><U+00A0><U+00BD><ed><U+00B1><U+0080> https://t.co/KjioFdhw2j,
RT @thebigd1221: in the middle of sexually frustrated and needing a burrito,
RT @Nikestreetz: When too much hot sauce on your burrito  http://t.co/KMzbj5p5fr,
"Shrimp po boy sandwich,  kicking chicken burrito and Burger with Bacon Jam!  Come see us Monday through Friday 11-2",
#Burrito #Coffee #BreakfastOfChampions #WorkRelated #Charlotte #LastDay <ed><U+00A0><U+00BD><ed><U+00B8><U+008A> @ Sheraton Charlotte Hotel https://t.co/aKGlklwB9P,
I am a blue burrito of sadness,
"RT @MikeMoschetto: skeevy guy ahead of me in line claims to have had ""a few 3somes with some blonde girls."" I'm just trying to get a burrit…",
Just smashed a huge burrito and 4 tacos. #Blessed,
RT @Gracielaa_Lopez: An alsups burrito would come so clutch right now,
Yes I bought a Colorado burrito had 5 bites then just ate the tortilla..,
An alsups burrito would come so clutch right now,
"I would trade my copy of AW for a qdoba burrito with chips, verde, and a peach mello yello",
hungry i want a $8 burrito from the green truck .. only chicken &amp; cheese <ed><U+00A0><U+00BD><ed><U+00B8><U+00AB><ed><U+00A0><U+00BD><ed><U+00B8><U+008B>,
If she doesn't bring burrito boyz our friendship is over..,
I would do awful things for a burrito from qdoba right now but I'm broke for the week,
RT @st0utland: shouldn't have ate that burrito,
shouldn't have ate that burrito,
S/o to Tracy for the 2am burrito,
"If only Chipotle was open, I could go for a burrito right now",
in the middle of sexually frustrated and needing a burrito,
Can never be satisfied with just one burrito,
Did someone say burrito? https://t.co/6MtkiXeQTh,
This burrito is my fuckin jam Jesus,
"@iamstevienelson like 

""ooh kev you got bacon &amp; eggs"" 

-fk that geezer, do better 

""oh shit there's a leftover burrito"" 

-fine I'm up",
"""I want to lose my burrito virginity......with u"" —@chloebloodxo to me tonight",
RT @princess_kaiter: s/o to Caitlin's bf cause the burrito is bomb <ed><U+00A0><U+00BD><ed><U+00B2><U+00AF>,
RT @taylorcoldwell_: Burrito boyz is actual heaven <ed><U+00A0><U+00BD><ed><U+00B8><U+008D><ed><U+00A0><U+00BD><ed><U+00B8><U+008D><ed><U+00A0><U+00BD><ed><U+00B8><U+008D>,
Burrito boyz is actual heaven <ed><U+00A0><U+00BD><ed><U+00B8><U+008D><ed><U+00A0><U+00BD><ed><U+00B8><U+008D><ed><U+00A0><U+00BD><ed><U+00B8><U+008D>,
s/o to Caitlin's bf cause the burrito is bomb <ed><U+00A0><U+00BD><ed><U+00B2><U+00AF>,
RT @cmacbufu: I think 2 burrito supremes are in order,
I think 2 burrito supremes are in order,
@seriouslyclaire I'm holding said burrito. http://t.co/nNTCr0LPxj,
My burrito burnt my hand.,
It's my second burrito of the night and I'm not even mad,
"""I will smash an Indian chick that looks like a burrito! Onions and green peppers in my shit!"" - @nick_trav",
@KoocNoj eat a breakfast burrito for me,
"Hoe, go away.",
My mom ate my burrito after not having a bite of food all day long. Hell yeah,
"@chacon can we also talk about the general burrito wasteland that is Europe? It's getting better, but damn.",
"MY MOM GOT ME A BURRITO 
SHE IS SUCH A SWEETY PIE #momgoals",
Slay Brandon <ed><U+00A0><U+00BD><ed><U+00B9><U+0085><ed><U+00A0><U+00BC><ed><U+00BF><U+00BB> http://t.co/RTletDn1TI,
"FIRST CHIPOTLE in the whollllle world!!!

#Denver #Chipotle #burrito #mindblown 
#salsa #thegreensalsathatis http://t.co/apBGlr7h3B",
@Carlos7__ Carlos. .. shut yo bean burrito Liam bean crust lil Bibby ahh boi,
"@Wendys  stays fucking up when I'm really excited. Yo, I wanted to split the total but they charged the whole thing to my card :(",
Gotta a whole chipotle burrito in my fridge for tomorrow<ed><U+00A0><U+00BD><ed><U+00B8><U+008D>,
Brandon needs to delete the MyIdol app...,
put yum yum on your chipotle burrito- life changing,
Trying to eat my left over burrito but I can't taste anything /:,
RT @cjholman69: @JessicaDuBois33 were the kind of people that wanna roll up in a blanket burrito and read a good book. Amirite,
@JessicaDuBois33 were the kind of people that wanna roll up in a blanket burrito and read a good book. Amirite,
They have a Chicago snapchat story but I don't see chief keef anywhere,
Bitchessssssss be trippinnnnn,
RT @Nikestreetz: When too much hot sauce on your burrito  http://t.co/KMzbj5p5fr,
So what's the point of snap chatting me and not responding. Every. Single. Day.,
"Offering 3$, a #2 pencil &amp; a buy 1 get 1 burrito coupon @ chipotle to any kind soul willing to take my college placement test for me tomorow",
@nameszgabx3 not happy with her burrito. @tacobell you fucked up http://t.co/vGWAwbc0nv,
"""I think I just need to wash my car with a burrito"" @thelukeschill",
Burrito King ruined my stomach,
Is Arthur a bear?? -@TheyHate_Drew,
"This is America, my motherfucking president is blacc &amp;my lambo is blue nigga. If you see me in the streets I'm slappin the shit out of you<ed><U+00A0><U+00BC><ed><U+00B7><U+00BA><ed><U+00A0><U+00BC><ed><U+00B7><U+00B8>",
I'd rather take kizitos money before I let *insert name here* the gun -<ed><U+00A0><U+00BD><ed><U+00B8><U+00A8>,
Weed lit,
When I get back to Denton I'm gonn eat a good ass burriuo. lol...ass burrito...,
"Ask me for a burrito, yeah no problem. Steal a burrito from me, welcome to hell.",
Great #vegan #burrito at #LaCasita - a pre #RIMS2015 treat with the team. #NewOrleans #NOLA @ La Casita https://t.co/5z0xaPrZom,
"I'm at Juan's Flying Burrito - @juansnola in New Orleans, LA w/ @brandon_barnard https://t.co/c4OLK2Zr2F",
<ed><U+00A0><U+00BD><ed><U+00B1><U+00AF> __iamblessedd @ Bombers Burrito Bar https://t.co/UPlabEXW2Z,
@tacobell 32 degree burrito #not-satisfying Live Mas elsewhere!,
Only thing I ate today was McDonald's burger &amp; Sonic breakfast burrito &amp; fries <ed><U+00A0><U+00BD><ed><U+00B8><U+0091> I'm HUNGRY mother <ed><U+00A0><U+00BD><ed><U+00B8><U+0082>,
"""I hate chipotle so much"" *continues eating chicken burrito",
I have four giant blankets and pillows on my bed and im wrapped up in all of them and I feel like a snail burrito thing,
That one time I ate at that burrito place in Lancaster. #latepost @ Roburrito's Lancaster https://t.co/nHnhyzI1zK,
I want a Mexican truck burrito,
@AshNBrownies lol make a burrito or bowl since you the chipotle expert &amp; I'll try it,
RT @Janaabrown: A guy just paid for my burrito I'm gonna cry tears of guacamole bless your kind soul,
"Mile long walk to Taco Bell, or a trip downstairs to get a 7-Eleven burrito? Sorry, Taco Bell. I hope you can forgive me.",
Mike is eating a burrito from Chipotle for the second time this weekend.,
"RT @nicoleeex44: Can I take my activity fee back that was used to pay for Passion Pit, and buy myself a burrito instead?",
"I'm at Burrito Loco - @pepesgroup in New York, NY https://t.co/QMW0xonDm1",
@QdobaMexGrill the chicken on my burrito was burnt today and ruined my lunch today didn't have the nerve to tell them ugh love u guys though,
some woman at chipotle just asked what the difference was between a burrito and a quesadilla,
I needa burrito...,
Have been dying for the chicken salad from Tenth Ave Burrito too bad when I got there it was an hour and a half wait LOL,
My burrito is bigger than yours. @ San Felipe Mexican Restaurant - Southport 2 https://t.co/itMFaEtmBd,
Bout to get a burrito. Whats everyone doin tonight?,
Think I just got a free burrito at chipotle wow,
With this fine lady at Burrito Perdido. Just played some old vid games. #freeplay #loveher #nostalgia @anaphylexis http://t.co/tVAwJUaic5,
Can I get a bite of ur burrito baaabbbyyy @ Gloria's Restaurant https://t.co/fztBeL1Vch,
She came clutch wit that burrito from Chipotle <ed><U+00A0><U+00BD><ed><U+00B8><U+00AD>,
"Can I take my activity fee back that was used to pay for Passion Pit, and buy myself a burrito instead?",
When You Taste That Salt Tho<ed><U+00A0><U+00BD><ed><U+00B8><U+0082><ed><U+00A0><U+00BD><ed><U+00B8><U+0082><ed><U+00A0><U+00BD><ed><U+00B8><U+0082><ed><U+00A0><U+00BC><ed><U+00BD><U+00B9> @ Bombers Burrito Bar https://t.co/QR17a1Srik,
RT @amandacarnella: @BadMoodMorgado burrito crew fuck you http://t.co/qGcwwc2oib,
@BadMoodMorgado burrito crew fuck you http://t.co/qGcwwc2oib,
Dinner date with the meatballllll <ed><U+00A0><U+00BC><ed><U+00BD><U+00BB><U+2764><U+FE0F><ed><U+00A0><U+00BC><ed><U+00BD><U+009D> 10th ave burrito!!!,
@trillacamila @prompics_2015 <ed><U+00A0><U+00BD><ed><U+00B8><U+0082> that bow tie doe <ed><U+00A0><U+00BD><ed><U+00B1><U+008C><ed><U+00A0><U+00BC><ed><U+00BF><U+00BC>,
THE GUY AT CHIPOTLE GAVE ME MY BURRITO FOR FREE <ed><U+00A0><U+00BD><ed><U+00B8><U+008D><ed><U+00A0><U+00BD><ed><U+00B8><U+00AD>,
@chrismarina57 you better bring me a burrito,
RT @aprilJULSday: i got burrito,
Is anyone else as disturbed by the @GrubHub commercial with the burrito of death?,
These sisters are having a day. @ El Burrito https://t.co/X23DsSo18r,
Cool old #piano @ 10th Ave Burrito https://t.co/cMPV3eL4PO,
I put spaghetti in a burrito and called it the spaghetti burrito and made like half a gazillion dollars,
my favorite bowls: burrito bowls and bread bowls,
A guy just paid for my burrito I'm gonna cry tears of guacamole bless your kind soul,
Burrito Boys @ Chipotle https://t.co/oL7Ng8kar9,
We're at Diablo burrito in trolley square,
"New rule : if you want me to get you alc , you must come with a chipotle burrito or a bag of Reese's, if not, take your business elsewhere<ed><U+00A0><U+00BD><ed><U+00B4><U+00A8>",
Meat burrito and mango strawberry moscato <ed><U+00A0><U+00BD><ed><U+00B2><U+0099><ed><U+00A0><U+00BD><ed><U+00B2><U+0099><ed><U+00A0><U+00BD><ed><U+00B2><U+0099><ed><U+00A0><U+00BD><ed><U+00B2><U+0099>,
I just messed up my hair so I'm gonna take my makeup then roll up in a burrito fuk u all bye,
I need a burrito in my life,
Me&amp;the family are driving&amp;the guy in a car next me is eating a burrito.i said he was eating it like it was a dick.My son cant stop laughing,
spicy chicken burrito bowl... I love this place!! @ Freebirds World Burrito https://t.co/gQheex2lSk,
Dan sprayed hot sauce from the burrito truck Into his mouth last night,
"Next stop, home to San Francisco, where a burrito is calling my name.",
We didn't come here for the burrito we came here for the pic @ Hai Street Kitchen &amp; Co. US https://t.co/nkHznAFeVb,
You know you're blacc when you're niggas hit you up because they need one more to ball with,
Really happy about this excellent California Burrito with Carne Asada and French Fries from… https://t.co/YdJeSYSOEd,
Caught this little rattie napping in a towel burrito. <ed><U+00A0><U+00BD><ed><U+00B0><U+00AD> #rat #nofilter @ Monadnock Humane Society https://t.co/SevWoff2qE,
Claudia looking hot<ed><U+00A0><U+00BD><ed><U+00B4><U+00A5><ed><U+00A0><U+00BD><ed><U+00B4><U+00A5>ft. Pet burrito http://t.co/7bhNqIGPN9,
you lose more of my respect with every burrito bowl you get,
Risking my life eating this burrito and trying to drive,
i got burrito,
"""@ImShmacked: The cops will never catch Burrito Beer! http://t.co/NxEmAVQgRk"" clutch",
"And while I'm at it, the concept of a burrito bowl is also foreign to me but that's another conversation entirely.",
Shrimp burrito in my hometown????,
turned Ellie into a basic IU girl overnight @ burrito in her hand obviously https://t.co/a7mHvvwf7L,
"The concept of one Chipotle burrito or bowl being stretched into two meals in foreign to me, but I'm about to attempt to eat only half <ed><U+00A0><U+00BD><ed><U+00B8><U+00B0>",
"Cashier at chipotle told me to enjoy my burrito, I said, ""you too."" But I saw them cutting avocados for guac and that almost made up for it.",
"this is the size of a burrito ""nutty buddy"" beyondsushinyc @ Beyond Sushi https://t.co/I8Fb8JehRN",
"I'm at Freebirds World Burrito - @freebirds_wb in Denton, TX https://t.co/qAoauFOpZj",
"Can't get to the moon, but burrito in hand...@kmeinke @ItsJackKennedy @Chipotle",
Burrito Button. I’ve reached peak hype levels. http://t.co/HB0IzWvU4W,
RT @SchadenJake: Vegetarian breakfast burrito @TedsBULLETIN #breakfast #burrito #vegetarian http://t.co/kvAYUcftZS,
If anyone is interested doing dinner with some people at the trolley square Diablo burrito tonight before furbowl,
"Lunch stop! (@ Fighting Burrito in Ames, IA) https://t.co/JtJ7QZnCcU",
Love sweet and spicy...and today I discovered the chamango. Cheers!! @ EL BURRITO MERCADO https://t.co/xViSjdJBoX,
Just realized I slept in burrito last night,
I want a Dos Amigos burrito so bad,
<U+2764><U+FE0F> &amp; Chipotle @diana_essex #rutgers #rutgersday #chipotle #newbrunswick #burrito @ Chipotle https://t.co/mSDNnXdY8E,
There's nothing gross about girls talking about cramps. It's basically a cramp from a bad burrito from 7/12 that lasts for 5-7 days. NBD.,
"I had to pick the slowest #Chipotle ever. In the time I waited in line I could've ordered online ate my burrito, and slipped n food coma",
RT @LaurenAllen24: when you gotta go to prom but you're really craving a burrito http://t.co/8dCgHaDlXB,
RT @LaurenAllen24: when you gotta go to prom but you're really craving a burrito http://t.co/8dCgHaDlXB,
"Saw this cute boy outside EBL
*looks at cute boy with smiling eyes*
*giggle noises echo through El Burrito Loco* http://t.co/zNd6XhvKbs",
when you gotta go to prom but you're really craving a burrito http://t.co/8dCgHaDlXB,
"I'm at Chinos Burrito in Round Rock, TX https://t.co/79wsCWK0d2",
Changing.  But for the better. We all need to,
Holy shit <ed><U+00A0><U+00BD><ed><U+00B8><U+00B3> https://t.co/h9ewiv7aB8,
"@barebonesbelle YES (but he needs different hair)
*looks at Scotty with smiling eyes*
*giggle noises echo through El Burrito Loco*",
Living Burrito. Perfect for a rainy work day. #vegan #glutenfree #cltfood #weloveclt @ Luna's Living… https://t.co/e7Zc30zoid,
"I'm the only person who has used the EBL geotag
*looks upon accomplishment with smiling eyes*
*giggle noises echo through El Burrito Loco*",
"@itsonlyaubrey that dress is rad
*admires fashion sense with smiling eyes*
*giggle noises echo through El Burrito Loco*",
"@mrdavis813 
I like your short hair
*looks at Mr Davis' hair with smiling eyes*
*giggle noises echo through El Burrito Loco*",
my burrito was great,
"Grabs child by head
Bites head like apple
Child looks at bite hole with smiling eyes
Giggle noise echoes through El Burrito Loco",
"Late lunch. Loaded burrito. Non nom (@ Tom's Bourbon Street Pizza in Peabody, MA) https://t.co/GlvASpea4L http://t.co/1WkzylQ71h",
Grilled chicken burrito &amp; ginger rice con mis padres http://t.co/5Wlw0bZ43K,
@TedFlintKansas a $30 burrito delivered from chipotle?,
"Burrito time (@ Angela's Café in East Boston, MA) https://t.co/tNvO0bAb5n",
@HMATTHIAS Happy birthday. Treat yourself to a burrito.,
@lostinagroove mmmm burrito bowl,
Waiting at the end of the line by the door for a burrito bowl @chipotle #WorthIt,
Life is beautiful <ed><U+00A0><U+00BC><ed><U+00BD><U+00B8><ed><U+00A0><U+00BD><ed><U+00B2><U+009B> @ 10th Ave Burrito https://t.co/l6djntiQks,
That burrito I ate. #RuinARomanticMomentIn4Words,
I swear thats the biggest burrito I've ever seen....but Jennifer is eating for two!! Haha orozcom23… https://t.co/0LwHmdmjY2,
This is the most important burrito if my entire life. #crushthecommonwealth @ Roburrito's https://t.co/H3R8GnRTuT,
"""All I want rn is a burrito""",
Equal parts impressed and sickened that I can still eat a whole Moe's burrito in one sitting. #Dedication #Committed,
"@pfinn3 I can eat my burrito alone, it tastes better when soaked in tears…",
We need a burrito emoji,
@FuelFoodTruck Thanks for the bkfst burrito and tea! #eatlocal http://t.co/cjAUylQI5o,
This burrito is so big I have to eat it with a fork #goodproblems,
RT @VallaryRoss: I want a burrito,
"What can I say? I love limes.<ed><U+00A0><U+00BC><ed><U+00BD><U+00B9>
#RushStreet #limes #limesforlife #burrito #Ricks @ Rush Street, Main… https://t.co/EP0DijrygV",
first time ever trying a chicken burrito <ed><U+00A0><U+00BD><ed><U+00B8><U+008D><ed><U+00A0><U+00BD><ed><U+00B8><U+008D><U+2601><U+FE0F> http://t.co/GFUIWExAqc,
"@theheydaze http://t.co/UkwP7nsbLu 

Chipotle delivery, for all yalls burrito needs!! <ed><U+00A0><U+00BD><ed><U+00B8><U+0081>",
"Taco time. (at @Hardees / Red Burrito in Plainfield, IN) https://t.co/u7kngzGqfp",
RT @TaylorMartin_20: @madisonncombss don't be mad when I share my burrito with everybody but you.,
How lazy are you that you need your 1000+ calorie burrito delivered? #ChipotleOnDemand,
I don't think there is anything in this world MORE ENJOYABLE than talking like Wilson Fisk while ordering a burrito.,
skyrim &amp; breakfast burrito <ed><U+00A0><U+00BD><ed><U+00B8><U+0081><ed><U+00A0><U+00BD><ed><U+00B8><U+0081>,
Burrito love http://t.co/aO2NyGvrqx,
"@SeirX considering what comes out of this little burrito, mole?",
I want a burrito,
My daddy brought me a breakfast burrito <ed><U+00A0><U+00BD><ed><U+00B8><U+00A9>,
Chik Fila got the best breakfast burrito Bruh.,
Uhhhh somebody bring me a breakfast burrito,
Didn't expect that but still a good day today.,
The burrito buggy held me down last night,
A burrito is the real reason I came to Pitt for formal #chipotle,
RT @SchadenJake: Vegetarian breakfast burrito @TedsBULLETIN #breakfast #burrito #vegetarian http://t.co/kvAYUcftZS,
The middle of English class. #WhereIWasWhenZaynQuit,
RT @Sm0kal0ke: Where will you be when the bean burrito hits http://t.co/Xo8sG6Cl8K,
I tipped $10 at Fighting burrito last night lol Burritos are the best thing in the world.,
I do not give burrito buggy my sign of approval,
The things I would do for a burrito from @BlackBearMotown... #hungoverAF,
"#1 thing to remember:
If your girlfriend is sleeping and wrapped around you like a burrito, just rub her hair. Do not wake her.",
"RT @jaimiesnelgrove: ""I've got 99 problems but a burrito wrap ain't one"" -@somer_glubiak",
"""I'm like a drunk little toasty burrito""",
burrito turtle http://t.co/z1bknL5BNC,
I think today will be a good day,
"""I've got 99 problems but a burrito wrap ain't one"" -@somer_glubiak",
@madisonncombss don't be mad when I share my burrito with everybody but you.,
My friends are getting married and i'm here wondering what the diff between a soft taco and a burrito and if i should get both for dinner,
"Steak and egg burrito 
#cooking #bikestation #breakfast #louisville @ Beechmont https://t.co/nEd7FrGEBb",
RT @SchadenJake: Vegetarian breakfast burrito @TedsBULLETIN #breakfast #burrito #vegetarian http://t.co/kvAYUcftZS,
RT @SchadenJake: Vegetarian breakfast burrito @TedsBULLETIN #breakfast #burrito #vegetarian http://t.co/kvAYUcftZS,
RT @SchadenJake: Vegetarian breakfast burrito @TedsBULLETIN #breakfast #burrito #vegetarian http://t.co/kvAYUcftZS,
Vegetarian breakfast burrito @TedsBULLETIN #breakfast #burrito #vegetarian http://t.co/kvAYUcftZS,
It's burrito time #breakfast,
Yesterday I went to chipotle and couldn't bite into my burrito... Fucking fake ass teeth <ed><U+00A0><U+00BD><ed><U+00B8><U+00AA>,
"It's been a hell of a night, needed a night cap #burrito #latenight #4thmeal #food http://t.co/i1QKPenZVa",
@athenatijerina had to get a burrito <ed><U+00A0><U+00BD><ed><U+00B8><U+0082>,
@ThatBoyLes or a soft taco. Get a burrito lls,
Tweet me if you want a sausage burrito from McDonald's,
I already want a josies breakfast burrito,
"No crazy lineup here (at @Burrito_Boyz in Toronto, ON) https://t.co/FJ17YCjz2r",
took me the entire day to wash my sheets but now that my bed is finally remade i am a snug little burrito <ed><U+00A0><U+00BD><ed><U+00B8><U+008C> #cleansheets,
Eating Taco Bell's smothered burrito for the first time... What an experience this is,
RT @marinacee: IS THAT BURRITO FROM JALISCO'S ON NORTH AVE?,
IS THAT BURRITO FROM JALISCO'S ON NORTH AVE?,
RT @Sm0kal0ke: Where will you be when the bean burrito hits http://t.co/Xo8sG6Cl8K,
Where will you be when the bean burrito hits http://t.co/Xo8sG6Cl8K,
RT @Nikestreetz: When too much hot sauce on your burrito  http://t.co/KMzbj5p5fr,
Sorry for blowing up your feed today. Here's a picture a of a giant burrito #emoroadtrip2015 @… https://t.co/RGQ1hVoNFS,
chipotles delivering now but it's 11.25 for a burrito LMFAO <ed><U+00A0><U+00BD><ed><U+00B8><U+0082> bet suck my dick,
Well someone is more than welcome to bring me a burrito. Yall know where I live. Just come to the back.,
@ColleenCulnan like the owner came up to us and literally kicked us out for eating a burrito....like what,
I think I burnt my fingerprint off on my burrito,
marc just ordered a Vegan Burrito,
After a long hard meet having a burrito waiting at home for me <ed><U+00A0><U+00BD><ed><U+00B1><U+008C>,
Juicy burrito <ed><U+00A0><U+00BD><ed><U+00B8><U+0083><ed><U+00A0><U+00BC><ed><U+00BD><U+009D>,
Ben and Jerry's makes dreams reality @benandjerrys #icecream #burrito http://t.co/efWkXF6PHt,
My mom is getting me a Chimichaga (BURRITO) so I can eat on the way home! #thankyoumom  <ed><U+00A0><U+00BD><ed><U+00B8><U+008A><ed><U+00A0><U+00BD><ed><U+00B8><U+008A><ed><U+00A0><U+00BD><ed><U+00B8><U+008A><ed><U+00A0><U+00BD><ed><U+00B8><U+008A>,
RT @JaRICHARDred: It looks like a burrito -@Natalie_Ahern http://t.co/4C0to2zUap,
It looks like a burrito -@Natalie_Ahern http://t.co/4C0to2zUap,
@maddytate24 don't forget the burrito goes IN the fridge,
when ur eating a burrito and it keeps falling apart http://t.co/1kQxLIqV5D,
I can't whip&amp;i can't nae nae but I can roll a hella good burrito,
You know I deserve a Fatass burrito from chipotle after leg day,
"Holy #burrito, Batman...! (@ Chipotle Mexican Grill in Philadelphia, PA) https://t.co/DFHsrtjROP",
RT @drvgvision: Chase her. Chase her even when she’s already yours. That’s the only way you’ll be assured to never lose her.,
I <U+2764><U+FE0F>@ChipotleTweets! You guys make a damn good burrito.,
Shoutout to @Jezzv_ for eating his burrito at Caltort and calling out for me (sometimes your children never forget you),
@burrito_luke do you have a Luke follow?,
i am wrapped up like a burrito w/a movie im gonna be ok no sad,
"@KaySoKray burrito bowl, and burrito 2x",
"@KaySoKray just wait till that burrito bowl gives you liver cancer, don't say I never warned you <ed><U+00A0><U+00BC><ed><U+00BC><U+009A><ed><U+00A0><U+00BC><ed><U+00BC><U+009A>",
@WarnTriz hope you choke on that burrito fag,
Waiting for my burrito http://t.co/t8gHUWN4aM,
My mom brought me half a burrito from Chipotle. Dreams do come true.,
"that sombrero is cute, but he should've been dressed in a burrito. <ed><U+00A0><U+00BD><ed><U+00B8><U+008D><ed><U+00A0><U+00BC><ed><U+00BE><U+0089> http://t.co/e1N6pBnKD8",
RT @Tassiiaa13: When u burrito af http://t.co/l5m6hk66WL,
When u burrito af http://t.co/l5m6hk66WL,
That was the best burrito of my life! <ed><U+00A0><U+00BD><ed><U+00B8><U+008D> @McCallDail28,
@DaneyPoo bruh I get the bacon ranch chick star with a 5 layer burrito and a large drink for free so....<ed><U+00A0><U+00BD><ed><U+00B1><U+0080>,
It's a write off @ Burrito Del Rio https://t.co/Ie3pJ8tJAs,
really wanted chikfila on my lunch but the line was too damn long <ed><U+00A0><U+00BD><ed><U+00B8><U+00A9> settled for a Taco Bell burrito... just not the same,
RT @daisy_bingham: the breakfast burrito things from Taco Bell look nasty af,
RT @daisy_bingham: the breakfast burrito things from Taco Bell look nasty af,
@YannoneWhatItIs nah I trained there and he taught me to roll a burrito <ed><U+00A0><U+00BD><ed><U+00B8><U+0082> I did for alil tho,
@50bl @TheRuIe get off your phone you bad person.,
the breakfast burrito things from Taco Bell look nasty af,
He's hot some balls *badum tss* https://t.co/LKcdYW2wi9,
RT @amanda_meyer: MIKE IS EATING CHIPOTLE HE GOT A BURRITO ALERT THE MEDIA,
When the rice in your burrito bowl is undercooked. Definitely worse than Dunkin fucking up your coffee order,
Don't trust bitches named Blair,
"I will be anti social tonight , in a blanket burrito , watching this  https://t.co/mufJByAN1f",
MIKE IS EATING CHIPOTLE HE GOT A BURRITO ALERT THE MEDIA,
9 hour shift is finally over I am ready for bed and a burrito,
@50bl yeah asshole I'm on vacation,
Fuck Brandon for making me tear up right now,
"Its okay to eat a good sized dinner then eat a Chipotle burrito for dessert, right?",
If I go to this years graduation I'm gunna cry...,
"Strike like 9 and a half.,.",
RT @mikeylaricks: Come to big wave burrito! Jonnys about to be on stage Comedy night,
Heyyyy burrito roller at Moes....how you doing?,
I'm bouta throw my burrito @ this cashier,
Come to big wave burrito! Jonnys about to be on stage Comedy night,
RT @mariedonovan_: I feel personally attacked when someone rolls my burrito badly,
Happy birthday to my little burrito ily @ddunnsy http://t.co/EzZebyJvEw,
I feel personally attacked when someone rolls my burrito badly,
@Mr_Linas @sarahcuda @holmesdm @PandoDaily so if chipotle charged $25 for a delivered burrito it would ok because it's convenient. Ok :),
Always a pleasure to run into the mighty KG!! Plus he hooked me up with a burrito #PocketBurrito @… https://t.co/6PhByc3MuM,
"RT @BerMarie_: Cry, it's good for you. But then pick yourself up, paint on a smile and be brave for the world.",
Progressive Date spot #1 w/ my #1 @beachyli <ed><U+00A0><U+00BD><ed><U+00B8><U+008D> #DateNight @ Bandito's Burrito Lounge https://t.co/Nm0YpR8WB6,
Dairy Queen is jumpin tonight!!!,
Life is too short to only eat from one side of your burrito.,
RT @HotMessMemphis: Bad weather is no match for a good burrito.  Get full and beer up with us and @MemphisMadeBrew,
I need burrito a movie an d choco frosting,
@EmilyAllan @BradMac91 the hot dog is in the taco/burrito family in that the vessel is all one piece. Sandwich vessels are 2. Sorry.,
like i just want a burrito <ed><U+00A0><U+00BD><ed><U+00B1><U+0085>,
RT @HotMessMemphis: Bad weather is no match for a good burrito.  Get full and beer up with us and @MemphisMadeBrew,
"<U+26A0>If anybody guess how many beans is in one scoop... ill give u a free burrito! !!!<U+26A0>
           <ed><U+00A0><U+00BC><ed><U+00B6><U+0093><ed><U+00A0><U+00BC><ed><U+00B6><U+0093><ed><U+00A0><U+00BC><ed><U+00B6><U+0093><ed><U+00A0><U+00BC><ed><U+00B6><U+0093><ed><U+00A0><U+00BC><ed><U+00B6><U+0093><ed><U+00A0><U+00BC><ed><U+00B6><U+0093><ed><U+00A0><U+00BC><ed><U+00B6><U+0093><ed><U+00A0><U+00BC><ed><U+00B6><U+0093>
U only get one guess so guess wisely",
andrewluck_colts we have your burrito just outside the auditorium for dpudm and @rileykids! #FTK @… https://t.co/mcQxVZvwDt,
Bad weather is no match for a good burrito.  Get full and beer up with us and @MemphisMadeBrew,
"About to ask for double steak in a burrito bowl, feels like a job interview. Definitely emotionally invested in outcome. Will report back",
@MontezzAllen313 I always get the burrito bowl but I’m assuming the regular burrito would also be good,
Okay seriously I want a burrito,
@MontezzAllen313 Burrito bowl - can’t go wrong with any kind,
So what day is the beefy crunch burrito coming back,
@D_Harris12 @ajstrnad1 @ChipotleTweets I'm telling you guys go try hot head burrito ask lee about it he's tried it it's delicious,
"RT @SakoGShep: Sorry Kyle, but burrito is tooo dericious! (@ Moe's Southwest Grill - @moes_hq in Lilburn, GA) https://t.co/NiIymalUr7",
In so much pain and all I want is a burrito from chipotle,
@creaturebeer @BeerConnoisseur we love your Tropicalia and it is one of our best selling beers on tap raging burrito in Decatur,
Breakfast Burrito at Snooze this morning. OMG! @ Snooze https://t.co/fanzJ71yJg,
I am attempting to make an Aleko's burrito rn. We'll see how it pans out.,
@D_Harris12 @ChipotleTweets hot head burrito does that and is better then chipotle IMO ya I know your gonna say I'm dumb lol,
"Sorry Kyle, but burrito is tooo dericious! (@ Moe's Southwest Grill - @moes_hq in Lilburn, GA) https://t.co/NiIymalUr7",
"Yep. Just walked 15 minutes for a Chipotle burrito. (@ Chipotle Mexican Grill in Cincinnati, OH) https://t.co/6hF0urGWIA",
Burrito selfies with the best @ 100% de Agave https://t.co/FhKruJMeZR,
I'm liking how chipotle delivers but then it's like I get an $8 burrito and fm for them to bring it to me it's $20...,
@darrenffoe @CHlLDHOODRUINER my bad Burrito,
"Undergraduate research presentation poster <U+2714>
Grant application submitted <U+2714>

Where my victory burrito at? <ed><U+00A0><U+00BC><ed><U+00BD><U+00BB><ed><U+00A0><U+00BC><ed><U+00BD><U+00B4>",
That Burrito From Chipotle And That Strawberry Frap From Starbucks Just Did Some To Me<ed><U+00A0><U+00BD><ed><U+00B9><U+008C><ed><U+00A0><U+00BD><ed><U+00B8><U+008D>,
Can't beat the #AWESOMENESS of #Chipotle Chicken Burrito! This is the best FAST FOOD YOU'LL EVER EAT! @ChipotleTweets http://t.co/ddsYQeEgP4,
"Chipotle delivers burritos to your door: If you're craving a burrito but can't be bothered to leave the house,… http://t.co/hcpCZmLYmN",
When will Chipotle deliveries arrive in Charlotte?: Burrito lovers in the Queen City will soon be able to get their… http://t.co/D8L61rY6Sp,
y am i in class im just tryna get a burrito and sit on a blanket for 7 hours,
The lady at chipotle wrapped my burrito horribly. But I'm still at peace <ed><U+00A0><U+00BD><ed><U+00B8><U+008C>,
@uKnowMySteez a burrito meetup could also work..,
RT @diora_309: S/o out to the guy at chipotle who can't fold a burrito to save his life,
First time trying sorites burrito @ChipotleTweets - so good! #bestlunch  #vegetarian #travel,
A biiiiig fat burrito @ Chipotle Mexican Grill https://t.co/bRJVUnmg7b,
"The moment when I realized that I eat my entire El Azteca burrito, but I told myself that I wouldn't because I just had lunch #fatwillprobs",
When your burrito takes two pieces of foil to fit <ed><U+00A0><U+00BD><ed><U+00B1><U+008C><ed><U+00A0><U+00BC><ed><U+00BF><U+00BB><ed><U+00A0><U+00BD><ed><U+00B1><U+008C><ed><U+00A0><U+00BC><ed><U+00BF><U+00BB><ed><U+00A0><U+00BD><ed><U+00B1><U+008C><ed><U+00A0><U+00BC><ed><U+00BF><U+00BB><ed><U+00A0><U+00BD><ed><U+00B1><U+008C><ed><U+00A0><U+00BC><ed><U+00BF><U+00BB>,
S/o out to the guy at chipotle who can't fold a burrito to save his life,
RT @caatewithac: @tacobell I'd sacrifice my big toe and master the glockenspiel for the Beefy Crunch Burrito,
I need to put a Pancheros burrito in my mouth within 30 minutes,
@tacobell I'd sacrifice my big toe and master the glockenspiel for the Beefy Crunch Burrito,
"I'm at Burrito House in Niles, IL https://t.co/a9kYKf1vhS",
GQ x Apple Watch Can Order Uber &amp; a Burrito From Your Wrist. What do you think? http://t.co/8ExsoqroVg,
"I don't know why I eat qdoba, I can't even finish a burrito before I blow their bathroom up",
RT @SaltFund: @kierstenbabyy girl its nine am noone trynna eat a burrito at nine am,
"Healthy ""Chicken"" Burrito Bowl #21dayfix Recipe on http://t.co/VuyOLyJjK0 <ed><U+00A0><U+00BD><ed><U+00B1><U+0088><ed><U+00A0><U+00BC><ed><U+00BF><U+00BB> vegan &amp;… https://t.co/M2MiNyWWa1",
RT @madelynn_grace: when jo cook knocks your Doba burrito off the counter but you get a free burrito out of it &gt;&gt;&gt;,
@redberen @NCheney21 left is my sammich and burrito holding hand!,
when jo cook knocks your Doba burrito off the counter but you get a free burrito out of it &gt;&gt;&gt;,
"Everyone was looking for the hot sauce and it was right next to me but I had a mouthful of breakfast burrito so all I said was ""Ahhjsks""",
"just ate 2 quesadillas, a burrito, fried rice, &amp; leftover Chinese. I may explode",
@g_max05 I still got yalls burrito fam,
"Eat at San Jose Mexican Restaurant in Webster Groves,MO. And at is one big fat Burrito http://t.co/loxhvaEjam",
#Pizza #burrito <ed><U+00A0><U+00BD><ed><U+00B8><U+009B><ed><U+00A0><U+00BC><ed><U+00BD><U+0095><ed><U+00A0><U+00BC><ed><U+00BD><U+00B4> pizzathesphynx #sphynx #kitten @ Studio 11 https://t.co/aaq4WqLD5c,
"Nah this qdoba line is completely insane, I'm just tryna get w burrito",
Wawa is now selling burritos and burrito bowls http://t.co/k7JZV6dBxO,
I want a burrito d asada y agau d horchata <ed><U+00A0><U+00BD><ed><U+00B8><U+00AD>,
They are building a @Bullritos right next to work. Nothing says America like free ice cream while they make your burrito. <ed><U+00A0><U+00BC><ed><U+00B7><U+00BA><ed><U+00A0><U+00BC><ed><U+00B7><U+00B8><ed><U+00A0><U+00BC><ed><U+00BD><U+00A6>,
I'm going to get a burrito for lunch and enjoy the shit out of it.,
If you've never had the ultimate meat and cheese premium breakfast burrito from Sonic your taste buds are being neglected,
Just realized iPhone doesn't have a burrito or taco emoji... #LetDown #iphone #GetOnItPeople #Apple,
Take your girl out to Taco bell for a first date. Nothing says I want you like a beefy five layer burrito,
I'm starving. I need me some burrito lovin,
"Now that chitpotle has delivery, can we have burrito Wednesday instead of pizza Wednesday",
ugh when u eat a bagel and then eat a giant burrito 2 seconds after nd remember u pick up ur prom dress tmrw:),
I wish this burrito could be transported from the grill to my tummy. No effort necessary.,
RT @DieRobinsonDie: Wesley I WISH to have...the barbacoa BURRITO,
Omfg this burrito couldnt be cooked sooner. #lowsugar #garibaldis #onlyinodessa,
RT @DieRobinsonDie: Wesley I WISH to have...the barbacoa BURRITO,
Wesley I WISH to have...the barbacoa BURRITO,
"This bitch wants to smoke all my weed.  or sip from my cup, slow like its lean",
It's a burrito day and a wine night.,
I need a burrito.,
"Chipotle Rolls Out Delivery In 67 Cities: Burrito-lovers can now order their Chipotle carnitas, sofritas and… http://t.co/c5C9lRHw2B",
Our vegan croquettes are great on burrito bowls too. #yumyum http://t.co/iV1Qv4LZIN,
RT @maddi_wallace: @Chopcity_20 I'd rather get my lazy ass up and get my $6.50 burrito tf I look like handing out $20 <ed><U+00A0><U+00BD><ed><U+00B8><U+0082><ed><U+00A0><U+00BD><ed><U+00B8><U+0082><ed><U+00A0><U+00BD><ed><U+00B8><U+0082><ed><U+00A0><U+00BD><ed><U+00B8><U+00AD>,
@Chopcity_20 I'd rather get my lazy ass up and get my $6.50 burrito tf I look like handing out $20 <ed><U+00A0><U+00BD><ed><U+00B8><U+0082><ed><U+00A0><U+00BD><ed><U+00B8><U+0082><ed><U+00A0><U+00BD><ed><U+00B8><U+0082><ed><U+00A0><U+00BD><ed><U+00B8><U+0,
Can someone please save my life and bring me a burrito??,
I'm majoring in becoming a professional blanket burrito,
My mom really just lost her burrito while she was eating it....<ed><U+00A0><U+00BD><ed><U+00B8><U+0082><ed><U+00A0><U+00BD><ed><U+00B8><U+0082>,
"*opens snapchat*

3 minutes later* 
 
Questions life's and the people",
"I wanna rap. 
Go right ahead.",
@JGfromOC @TechNinjaSpeaks burrito emoji sounds good. I'm hungry now.,
How tf you gonna sell me a breakfast burrito and not give or offer me some picante? Slack ass.,
Need a breakfast burrito in my life ASAP,
... In part because I already started my Friday off with a breakfast burrito and an IPA... http://t.co/D4HlXnVB5S,
@kierstenbabyy girl its nine am noone trynna eat a burrito at nine am,
@johnblizz update got my burrito,
Sorry can't go to work I morphed into a burrito in my bed,
RT @Debra_McGill: @RonDMoore I heard you make a pretty mean Burrito. Care to share the recipe for our cookbook for charity? http://t.co/8cb…,
Breakfast Burrito at JD Bakery and Cafe! Lunch today is Burger Day from Rian's Fatted Calf!… https://t.co/hHJLacyOIY,
Johnnys breakfast  burrito with a sonic drink... Don't mind if i do<ed><U+00A0><U+00BD><ed><U+00B8><U+008B>,
"Chipotle begins delivery service: The door-to-door burrito is now a reality, thanks to a new service from Chipotle. http://t.co/MuPmX2iRM1",
"RT @AshkBren: I want breadsticks, pizza, pasta, a burrito,  enchiladas, rice, salad, some Chinese, and a sub all at the same time. This is …",
I always wake up wrapped up in my blankets like a burrito,
I want Starbucks and a breakfast burrito this morning. I don't need it tho,
Who cares if chipotle delivers get off your lazy ass and go walk and get your damn burrito,
"I really want a sonic breakfast burrito and a grande chai tea latte. 

So if that could happen rn that'd be great.",
RT @ColbyTzan: @KueenNixie burrito slurper,
@KueenNixie burrito slurper,
If you need an $8 Chipotle burrito that bad that you're willing to pay $20 please go see a psychiatrist soon,
hot sauce on your burrito not mustard #JesusBus,
@CDot_Smitty trying this tomorrow... Buying a burrito then cooking eggs at home. Scrambled or sunny side up?,
@CDot_Smitty damn this just made me think of how good a chipotle breakfast burrito would be... Steak eggs cheese guac and salsa,
"Having breakfast biscuits and gravy (at @Hardees / Red Burrito in Pendleton, IN) https://t.co/DfSyOV7BCs http://t.co/ZPdI0F5bLq",
"@lishh_hansen yeah but for $20 a burrito, it's proof that miracles are a rip off",
The breakfast burrito is the most important burrito of the day.,
@cvettyc oh sorry and drive all the way over here and I'll make you the best burrito you'll ever have <ed><U+00A0><U+00BD><ed><U+00B8><U+0082><ed><U+00A0><U+00BD><ed><U+00B8><U+0082><ed><U+00A0><U+00BD><ed><U+00B8><U+0082>,
I do not like my burrito 3/4 rice thanks,
Chick flia's breakfast burrito is so good I'm defiantly going there again for breakfast!,
"“@mikeavila: so chipotle is now offering delivery. http://t.co/VB9ZbhMCnU  
Big deal or a giant burrito bowl of Who Cares?  Who cares !!!!",
RT @ballerdeath: I'm eating a burrito and listening to the new Mew album. I've peaked.,
RT @Kelli_Nicolee: Well I am hungry. I legit am going to heat up my burrito from chipotle,
Well I am hungry. I legit am going to heat up my burrito from chipotle,
My burrito rolled out of the foil onto the floor tonight... what doesn't kill me makes me stronger.,
I want a burrito,
California burrito is life <ed><U+00A0><U+00BD><ed><U+00B9><U+008C><ed><U+00A0><U+00BC><ed><U+00BF><U+00BC>,
"At night I crave everything, chicken, sushi, ice cream, sushi, loaded fries, a burrito... You know all the good stuff",
Dont think the yik yak autodownvote likes the word Burrito . Lets experiment,
I'm feeling mucho burrito for lunch tomorrow,
I want a burrito from qdoba <ed><U+00A0><U+00BD><ed><U+00B8><U+00A9>,
"""Hennessy + Devin is a good night"" <ed><U+00A0><U+00BD><ed><U+00B1><U+00B9>",
I have more pictures of Kanye west than me on my phone nigga - ronaldo,
"@AlkarisAD I was instantly reminded of that episode of Dexter's lab, where he ate the giant burrito.",
@brileyyy95 it's a ripoff. They'll charge you $20 total for one burrito,
RT @Cammiesux: All of my friends are in relationships and I'm in a blanket burrito so like ......,
I just want a fruit tea from blue coast burrito,
Decent power @AmandaGruener blackcatburrito #shitshow #rubberchecks #pbr @ BlackCat Burrito https://t.co/h8HdpeSOhl,
I spilled a burrito on my pants <ed><U+00A0><U+00BD><ed><U+00B8><U+009E>,
"The amount of times I say ""we out here"" or hear ""we out here""",
In the next episode of getting high in Jocelyns cah,
High friends,
Twitter is good,
@TeamPuddles it's like $20 for a burrito though <ed><U+00A0><U+00BD><ed><U+00B8><U+0082><ed><U+00A0><U+00BD><ed><U+00B8><U+0082><ed><U+00A0><U+00BD><ed><U+00B8><U+00B3>,
"I miss this show 

How much, exactly, does it cost to buy a Mexican baseball team? $10 and a burrito?
— Kenny Powers  Season 2  Episode 2",
I'm at el burrito by my self and shit.,
RT @cristeentoranjo: just laying in bed thinking about how  nice it would be to be eating a burrito at the moment,
just laying in bed thinking about how  nice it would be to be eating a burrito at the moment,
All of my friends are in relationships and I'm in a blanket burrito so like ......,
This nigga got a burrito neck,
RT @LIVEinValpo: Thank you Fat Burrito in Crown Point for the chips and salsa! http://t.co/9xJ9xs11UH,
@_ForeverYoursz_ yes for $20 per burrito lol,
It's crazy how you can start a rumor about a brother but come to his job like nothing happen,
"If you're eating a burrito in bed at almost 11pm, you're either high, or an event planner. #eventprofs",
This nigga said all the ugly girls go to Keefe Tech. Dead,
With they Ranch Burrito neck ass,
"But nahh as long as yall get ur burrito its all chill, working at fast food places arent easy guys",
Going to go with burrito lol https://t.co/gohU9dEru1,
Came to have a #burrito after work. Ended up on stage joining an #improv comedy group. I almost shit… https://t.co/vgUhHwgiTw,
RT @PLPFoodTruck: Ready for #FoodTruckFriday  with @bandido_burrito and @FlyingPigOKC,
"The sonic ascent live Troy @ Bombers Burrito Bar, Troy https://t.co/Q7cs9xavzq",
"The sonic ascent @ Bombers Burrito Bar, Troy https://t.co/KkrK2cpY3K",
This Ice Cream Burrito From Ben &amp;amp; Jerry's Is Happening http://t.co/OOpIDiZi1D http://t.co/2ivJpp501u,
"Just posted a photo @ Bombers Burrito Bar, Troy https://t.co/51xVCAuBmH",
"The sonic ascent live Troy @ Bombers Burrito Bar, Troy https://t.co/9doWvErNY0",
"The sonic ascent live Troy @ Bombers Burrito Bar, Troy https://t.co/xXMwLkqCgF",
"Just posted a photo @ Bombers Burrito Bar, Troy https://t.co/qxthF7AeTE",
"Mans best friends are his dog balls? @ Bombers Burrito Bar, Troy https://t.co/ULJXAqeBdL",
"Burnt end burrito FTW! (at @Mexicue Kitchen &amp; Bar in New York, NY) https://t.co/VjbRoJHRN7",
Drunk mom made me take her to taco bell to get her a burrito,
Thank you Fat Burrito in Crown Point for the chips and salsa! http://t.co/9xJ9xs11UH,
I want a burrito,
@holdmyutz hey maybe after we can be friends and get a burrito together,
My usual Thursday cheat meal is tao or lavo but tonight it was a burrito and I am v happy,
@StacyLaShaun While Burrito Boy is talking all the shit in the world this is what Harry and I are doing <ed><U+00A0><U+00BD><ed><U+00B8><U+008F><U+2764><U+FE0F> http://t.co/eXuZpK8nUY,
RT @PLPFoodTruck: Ready for #FoodTruckFriday  with @bandido_burrito and @FlyingPigOKC,
RT @PLPFoodTruck: Ready for #FoodTruckFriday  with @bandido_burrito and @FlyingPigOKC,
Ready for #FoodTruckFriday  with @bandido_burrito and @FlyingPigOKC,
RT @MaxxChewning: The only thing that would make sleeping better would be if I could also eat a chipotle burrito while I do it. <ed><U+00A0><U+00BD><ed><U+00B8><U+00B4>,
"Francis one of them bitches where you gotta put your finger to the point they can bite your food, this hoe just bit half my burrito <ed><U+00A0><U+00BD><ed><U+00B8><U+0091>",
Chipotle will now bring the burrito – and more – to your door: Burrito fans rejoice. Chipotle will now deliver in… http://t.co/s8yHKXqYoe,
@j_marquez8 burrito too. Coulda been you me and cris aka Ludueña. Like the old days,
"Cheese steak burrito, with fries inside... #Fatboy #foodisbae <ed><U+00A0><U+00BD><ed><U+00B8><U+009C> @ Macho Nacho https://t.co/LyK0Dif5Cy",
RT @ellvson: Jay and Alexis make me feel like a leftover sad uneaten burrito,
id hella move to dc right now if they made a decent burrito.,
Breakfast burrito sounds so good,
Put LSD on your burrito so you can TRIPOTLE,
Large Steak Burrito. (@ Burrito Boyz in Mississauga) http://t.co/iVwQk30DmF,
ok so chipotle delivers...but is it worth paying $20 for a $8 burrito...no save your money or give it to charity people <ed><U+00A0><U+00BD><ed><U+00B8><U+00AD>,
"@Basedclaud chicken burrito bowl, white rice, no beans, fajitas, corn, cheese, sour cream, mild sauce!",
"I'm at Freebirds World Burrito - @freebirds_wb in Houston, TX https://t.co/KfX6ZMPZVz",
"The sonic ascent @ Bombers Burrito Bar, Troy https://t.co/e7T5MyFowq",
"The sonic ascent @ Bombers Burrito Bar, Troy https://t.co/Ecv9QX9MlG",
"The sonic ascent @ Bombers Burrito Bar, Troy https://t.co/1SxD4JNoUx",
This burrito is my trap queen,
We make the Cutest burrito!!<ed><U+00A0><U+00BD><ed><U+00B8><U+008D> @ cuddle buddies!!! https://t.co/ArQ4OqNAKw,
Eating a burrito is similar to giving a mouth hug,
"Andrew Mirabile amazing set Troy @ Bombers Burrito Bar, Troy https://t.co/zBrs5VHLKJ",
RT @Wes_RGor: Chipotle to start delivering in Denver &amp; 65 other cities with a $12 fee for an $8 burrito; you're lazy &amp; worthless if you use…,
Playing zombies with a floor burrito http://t.co/yvm5aNS171,
RT @ellvson: Jay and Alexis make me feel like a leftover sad uneaten burrito,
Making love to this burrito,
Fried burrito night at the house <ed><U+00A0><U+00BD><ed><U+00B8><U+008D><ed><U+00A0><U+00BD><ed><U+00B1><U+008C><ed><U+00A0><U+00BC><ed><U+00BF><U+00BC> http://t.co/8Vo3SJx3hz,
Chipotle to start delivering in Denver &amp; 65 other cities with a $12 fee for an $8 burrito; you're lazy &amp; worthless if you use this service.,
tried to text my dad to get me a burrito from chipotle and hes in chigaco,
Sad moment when I can't even finish a whole burrito anymore<ed><U+00A0><U+00BD><ed><U+00B9><U+008D><ed><U+00A0><U+00BC><ed><U+00BF><U+00BC>,
There's no burrito emoji but there is this<ed><U+00A0><U+00BC><ed><U+00BD><U+00A2> @ The Burrito Shack https://t.co/YX6KML3nEb,
@EvanMcSan why rain on our burrito parade!,
Look at this sweet little sleeping human all wrapped up in her blankets like a burrito http://t.co/DRGsHNqDc2,
RT @ellvson: Jay and Alexis make me feel like a leftover sad uneaten burrito,
Jay and Alexis make me feel like a leftover sad uneaten burrito,
RT @EmilyJune3: I can't decide if I want a burrito or a hot dog. Life's tough.,
I'm pretty sure the Qdoba burrito maker intentionally gave me guacamole despite me saying no.,
CHIPOTLE DELIVERY. CHIPOTLE DELIVERY. MY BODY IS READY. #Chipotle #ChipotleDelivery #burrito,
Hi baby I missed u for a while <U+263A><ed><U+00A0><U+00BD><ed><U+00B8><U+008A><ed><U+00A0><U+00BD><ed><U+00B1><U+008D><ed><U+00A0><U+00BD><ed><U+00B1><U+008C>. #CHIPOTLE #food #instafood #burrito @ Chipotle https://t.co/NuYu5Brw0K,
breakfast burrito at 6:45? yes.,
@OWinterkamp HOLD UP I AM NOT PAYING $20 FOR A BURRITO http://t.co/TQ9fau2G22,
It's definitely a Burrito Shack kinda day.,
Burrito and wings from Mad Mex. I am fat.,
That Chipotle steak burrito tho <ed><U+00A0><U+00BD><ed><U+00B8><U+008D>,
@JohnHarrelson18 1 burrito for the cost of 2.5!!! what a steal,
"Burrito craving satisfied. (@ Boca Grande in Brighton, MA) https://t.co/1uNvQxTcVJ",
That feeling of a perfectly rolled Moes burrito in your hand,
@geoffsheen760 if SA wants to lure an nfl team we need to come out with the burrito bazooka! #BOOM,
I want a burrito but I'm in lab,
If you order chipotle delivery and pay $20 for a burrito. You are brainwashed,
I'm eating a Hungarian burrito,
Imma have to get burrito alone then #independent,
Chipotle is going to start delivering but one burrito delivered to you will cost almost $20? #fthat #illdrive,
@WaVeY_Child I want a burrito bowl,
@josephplambeck me want burrito,
"Chipotle is now delivering. That means every morning, I'll be able to wake up next to a beautiful burrito &amp; my side chick will be guacamole",
amazing black bean and sweet potato burrito for dinner with a side of fresh mango plus 2L of water and 1.5 hours of yoga and my body's happy,
made Scotty McCreery a burrito today #lmao,
@gemma_crowley10 burrito bowl is where its @ <ed><U+00A0><U+00BD><ed><U+00B4><U+00A5>,
Someone come get a burrito with me,
“@Tom_Fullerton: Yo I'm an ordained minister now so if anybody wants to get married I gotchu” marry me to my burrito Plz,
Chipotle is sending me a free burrito card <ed><U+00A0><U+00BD><ed><U+00B1><U+008F>,
Want to be wrapped in my blanket burrito forever. <ed><U+00A0><U+00BD><ed><U+00B8><U+008C>,
The blanket burrito returns.,
"I'm about to shamelessly dig into a Chipotle burrito, 2 days before prom, because my prom date is literally 4 times the size as me :))",
"My burrito is bigger than my nalgene! After being in an airport for more than 12 hours, missing… https://t.co/YHlC7ot2a3",
RT @GBEIBN: @angel_burrito tweet ur location nikka http://t.co/OIN04EkeLm,
@angel_burrito tweet ur location nikka http://t.co/OIN04EkeLm,
tired of driving all the way to west bumble fuck for a burrito,
I love Chipotle but a $11.25 charge just for delivery on a $8 burrito is outrageous. #ChipotleDelivery,
"Was feeling a burrito and horchata (@ L'Patron Tacos in Chicago, IL) https://t.co/h6vxsuUHx6",
What do you do on your study breaks Alex? That's a great question. I eat a beefy Fritos burrito from Taco Bell and pound a keystone,
I can't decide if I want a burrito or a hot dog. Life's tough.,
"Why yes, I did just pile drive an entire pancheros burrito down my throat. And yes, I do now feel like dying <ed><U+00A0><U+00BD><ed><U+00B9><U+008A>",
"RT @AshkBren: I want breadsticks, pizza, pasta, a burrito,  enchiladas, rice, salad, some Chinese, and a sub all at the same time. This is …",
@alyssamikesh finally eating another burrito so now I can remember what it tastes like.,
"RT @laurengieger: I'm actually going to need Advil, a large mcalisters sweet tea, sunflowers and a doba burrito to deal with today",
@demock10 and apparently it will cost $20 to get a burrito delivered,
And then I matched with a burrito -- the wonders of the first world,
@jakemiller oh please my burrito place has always delivered <ed><U+00A0><U+00BD><ed><U+00B8><U+0092>,
"@DanielRes_ and not the abs part, I want the beer pizza and burrito...",
Look at the size of this monstrous #burrito from basilbandwagon #flemingtonNJ with #hotsauce… https://t.co/Fv0BciDsZl,
Lesson #1: do not try to eat a chipotle burrito while driving,
"RT @laurengieger: I'm actually going to need Advil, a large mcalisters sweet tea, sunflowers and a doba burrito to deal with today",
@amity_wood well 11 plus the 8 dollar burrito would make it a 20 dollar process lol,
I just rolled 3 grams of that thaang from Texico <U+26FD><U+FE0F>,
Free burritos are my favorite kind of burrito.,
@burrito_deluca someone yakked about you <ed><U+00A0><U+00BD><ed><U+00B8><U+0082><ed><U+00A0><U+00BD><ed><U+00B8><U+0082><ed><U+00A0><U+00BD><ed><U+00B8><U+0082>,
@linalee512 $20 for a delivered burrito....,
